week_start,week_end,year,month,week_of_year,quarter,primary_festival,festival_intensity_score,festival_demand_multiplier,is_esala_perahera,is_esala_preparation,is_esala_post_festival,is_august_buildup,is_poson_perahera,is_vesak,is_sinhala_tamil_new_year,is_christmas_new_year,is_deepavali,is_thai_pongal,is_monthly_poya_week,poya_days_away,is_school_holiday,is_any_festival,days_until_next_esala,weather_season,avg_weekly_rainfall_mm,avg_temp_celsius,avg_humidity_pct,is_monsoon_week,weather_impact_on_tourism,crisis_event,is_covid_period,is_easter_attack_period,is_economic_crisis,is_normal_operation,estimated_weekly_kandy_arrivals
2015-01-01,2015-01-07,2015,1,1,1,Normal,0,1.1,0,0,0,0,0,0,0,0,0,0,0,4,1,0,232,Northeast_Monsoon,22,24.2,70,0,Favorable,None,0,0,0,1,951
2015-01-08,2015-01-14,2015,1,2,1,Monthly_Poya,2,1.15,0,0,0,0,0,0,0,0,0,0,1,3,1,1,225,Northeast_Monsoon,25,24.2,73,0,Favorable,None,0,0,0,1,945
2015-01-15,2015-01-21,2015,1,3,1,Thai_Pongal,3,1.2,0,0,0,0,0,0,0,0,0,1,0,10,0,1,218,Northeast_Monsoon,35,23.5,69,0,Favorable,None,0,0,0,1,969
2015-01-22,2015-01-28,2015,1,4,1,Normal,0,1.0,0,0,0,0,0,0,0,0,0,0,0,12,0,0,211,Northeast_Monsoon,38,24.1,73,0,Favorable,None,0,0,0,1,821
2015-01-29,2015-02-04,2015,1,5,1,Normal,0,1.0,0,0,0,0,0,0,0,0,0,0,0,5,0,0,204,Northeast_Monsoon,35,23.7,73,0,Favorable,None,0,0,0,1,819
2015-02-05,2015-02-11,2015,2,6,1,Monthly_Poya,2,1.15,0,0,0,0,0,0,0,0,0,0,1,2,0,1,197,Dry_Hot,32,25.3,68,0,Favorable,None,0,0,0,1,951
2015-02-12,2015-02-18,2015,2,7,1,Normal,0,1.0,0,0,0,0,0,0,0,0,0,0,0,9,0,0,190,Dry_Hot,42,24.8,68,0,Favorable,None,0,0,0,1,870
2015-02-19,2015-02-25,2015,2,8,1,Normal,0,1.0,0,0,0,0,0,0,0,0,0,0,0,14,0,0,183,Dry_Hot,42,24.6,70,0,Favorable,None,0,0,0,1,897
2015-02-26,2015-03-04,2015,2,9,1,Normal,0,1.0,0,0,0,0,0,0,0,0,0,0,0,7,0,0,176,Dry_Hot,43,25.1,73,0,Favorable,None,0,0,0,1,809
2015-03-05,2015-03-11,2015,3,10,1,Monthly_Poya,2,1.15,0,0,0,0,0,0,0,0,0,0,1,0,0,1,169,Dry_Hot,76,26.0,68,0,Favorable,None,0,0,0,1,924
2015-03-12,2015-03-18,2015,3,11,1,Normal,0,1.0,0,0,0,0,0,0,0,0,0,0,0,7,0,0,162,Dry_Hot,71,26.3,69,0,Favorable,None,0,0,0,1,807
2015-03-19,2015-03-25,2015,3,12,1,Normal,0,1.0,0,0,0,0,0,0,0,0,0,0,0,14,0,0,155,Dry_Hot,73,26.1,70,0,Favorable,None,0,0,0,1,889
2015-03-26,2015-04-01,2015,3,13,1,Normal,0,1.0,0,0,0,0,0,0,0,0,0,0,0,9,0,0,148,Dry_Hot,69,26.3,65,0,Favorable,None,0,0,0,1,806
2015-04-02,2015-04-08,2015,4,14,2,Monthly_Poya,2,1.15,0,0,0,0,0,0,0,0,0,0,1,2,1,1,141,Transitional,95,25.9,72,0,Moderate,None,0,0,0,1,1019
2015-04-09,2015-04-15,2015,4,15,2,Normal,0,1.1,0,0,0,0,0,0,0,0,0,0,0,5,1,0,134,Transitional,103,25.7,71,0,Moderate,None,0,0,0,1,950
2015-04-16,2015-04-22,2015,4,16,2,Sinhala_Tamil_New_Year,5,1.5,0,0,0,0,0,0,1,0,0,0,0,12,1,1,127,Transitional,100,26.2,74,0,Moderate,None,0,0,0,1,1231
2015-04-23,2015-04-29,2015,4,17,2,Normal,0,1.0,0,0,0,0,0,0,0,0,0,0,0,10,0,0,120,Transitional,97,26.0,70,0,Moderate,None,0,0,0,1,865
2015-04-30,2015-05-06,2015,4,18,2,Monthly_Poya,2,1.15,0,0,0,0,0,0,0,0,0,0,1,3,0,1,113,Transitional,104,25.8,74,0,Moderate,None,0,0,0,1,938
2015-05-07,2015-05-13,2015,5,19,2,Normal,0,1.0,0,0,0,0,0,0,0,0,0,0,0,4,0,0,106,Southwest_Monsoon,149,25.2,83,1,Unfavorable,None,0,0,0,1,869
2015-05-14,2015-05-20,2015,5,20,2,Normal,0,1.0,0,0,0,0,0,0,0,0,0,0,0,11,0,0,99,Southwest_Monsoon,143,24.7,77,1,Unfavorable,None,0,0,0,1,877
2015-05-21,2015-05-27,2015,5,21,2,Normal,0,1.0,0,0,0,0,0,0,0,0,0,0,0,12,0,0,92,Southwest_Monsoon,154,24.8,78,1,Unfavorable,None,0,0,0,1,881
2015-05-28,2015-06-03,2015,5,22,2,Normal,0,1.0,0,0,0,0,0,0,0,0,0,0,0,5,0,0,85,Southwest_Monsoon,152,24.7,80,1,Unfavorable,None,0,0,0,1,892
2015-06-04,2015-06-10,2015,6,23,2,Poson_Perahera,7,2.0,0,0,0,0,1,0,0,0,0,0,1,2,0,1,78,Southwest_Monsoon,166,23.6,82,1,Unfavorable,None,0,0,0,1,1679
2015-06-11,2015-06-17,2015,6,24,2,Normal,0,1.0,0,0,0,0,0,0,0,0,0,0,0,9,0,0,71,Southwest_Monsoon,160,24.2,84,1,Unfavorable,None,0,0,0,1,824
2015-06-18,2015-06-24,2015,6,25,2,Normal,0,1.0,0,0,0,0,0,0,0,0,0,0,0,13,0,0,64,Southwest_Monsoon,164,23.9,82,1,Unfavorable,None,0,0,0,1,891
2015-06-25,2015-07-01,2015,6,26,2,Normal,0,1.0,0,0,0,0,0,0,0,0,0,0,0,6,0,0,57,Southwest_Monsoon,154,24.3,87,1,Unfavorable,None,0,0,0,1,851
2015-07-02,2015-07-08,2015,7,27,3,Monthly_Poya,2,1.15,0,0,0,0,0,0,0,0,0,0,1,1,0,1,50,Southwest_Monsoon,137,23.3,83,1,Moderate,None,0,0,0,1,932
2015-07-09,2015-07-15,2015,7,28,3,Normal,0,1.0,0,0,0,0,0,0,0,0,0,0,0,8,0,0,43,Southwest_Monsoon,144,22.9,83,1,Moderate,None,0,0,0,1,860
2015-07-16,2015-07-22,2015,7,29,3,Normal,0,1.0,0,0,0,0,0,0,0,0,0,0,0,15,0,0,36,Southwest_Monsoon,132,23.2,80,1,Moderate,None,0,0,0,1,853
2015-07-23,2015-07-29,2015,7,30,3,Normal,0,1.0,0,0,0,0,0,0,0,0,0,0,0,8,0,0,29,Southwest_Monsoon,140,23.3,82,1,Moderate,None,0,0,0,1,869
2015-07-30,2015-08-05,2015,7,31,3,Monthly_Poya,2,1.15,0,0,0,0,0,0,0,0,0,0,1,1,0,1,22,Southwest_Monsoon,145,22.7,80,1,Moderate,None,0,0,0,1,932
2015-08-06,2015-08-12,2015,8,32,3,August_Buildup,3,1.2,0,0,0,1,0,0,0,0,0,0,0,6,1,1,15,Southwest_Monsoon,130,23.5,85,1,Moderate,None,0,0,0,1,1076
2015-08-13,2015-08-19,2015,8,33,3,Esala_Prep,6,1.7,0,1,0,0,0,0,0,0,0,0,0,13,1,1,8,Southwest_Monsoon,125,23.4,81,1,Moderate,None,0,0,0,1,1389
2015-08-20,2015-08-26,2015,8,34,3,Esala_Prep,6,1.7,0,1,0,0,0,0,0,0,0,0,0,9,1,1,1,Southwest_Monsoon,138,23.1,80,1,Moderate,None,0,0,0,1,1504
2015-08-27,2015-09-02,2015,8,35,3,Esala_Perahera,10,2.8,1,0,0,0,0,0,0,0,0,0,1,2,0,1,349,Southwest_Monsoon,127,23.0,85,1,Moderate,None,0,0,0,1,2344
2015-09-03,2015-09-09,2015,9,36,3,Esala_Post,4,1.3,0,0,1,0,0,0,0,0,0,0,0,5,0,1,342,Southwest_Monsoon,112,24.1,81,1,Moderate,None,0,0,0,1,1161
2015-09-10,2015-09-16,2015,9,37,3,Normal,0,1.0,0,0,0,0,0,0,0,0,0,0,0,12,0,0,335,Southwest_Monsoon,123,24.4,84,1,Moderate,None,0,0,0,1,801
2015-09-17,2015-09-23,2015,9,38,3,Normal,0,1.0,0,0,0,0,0,0,0,0,0,0,0,10,0,0,328,Southwest_Monsoon,119,23.6,82,1,Moderate,None,0,0,0,1,881
2015-09-24,2015-09-30,2015,9,39,3,Monthly_Poya,2,1.15,0,0,0,0,0,0,0,0,0,0,1,3,0,1,321,Southwest_Monsoon,114,24.2,84,1,Moderate,None,0,0,0,1,1030
2015-10-01,2015-10-07,2015,10,40,4,Normal,0,1.0,0,0,0,0,0,0,0,0,0,0,0,4,0,0,314,Inter_Monsoon,156,23.6,83,0,Moderate,None,0,0,0,1,806
2015-10-08,2015-10-14,2015,10,41,4,Normal,0,1.0,0,0,0,0,0,0,0,0,0,0,0,11,0,0,307,Inter_Monsoon,157,23.8,86,0,Moderate,None,0,0,0,1,896
2015-10-15,2015-10-21,2015,10,42,4,Normal,0,1.0,0,0,0,0,0,0,0,0,0,0,0,12,0,0,300,Inter_Monsoon,158,24.4,86,0,Moderate,None,0,0,0,1,861
2015-10-22,2015-10-28,2015,10,43,4,Normal,0,1.0,0,0,0,0,0,0,0,0,0,0,0,5,0,0,293,Inter_Monsoon,158,24.2,83,0,Moderate,None,0,0,0,1,873
2015-10-29,2015-11-04,2015,10,44,4,Monthly_Poya,2,1.15,0,0,0,0,0,0,0,0,0,0,1,2,0,1,286,Inter_Monsoon,163,23.9,84,0,Moderate,None,0,0,0,1,1036
2015-11-05,2015-11-11,2015,11,45,4,Normal,0,1.0,0,0,0,0,0,0,0,0,0,0,0,9,0,0,279,Inter_Monsoon,129,23.7,81,0,Favorable,None,0,0,0,1,845
2015-11-12,2015-11-18,2015,11,46,4,Deepavali,4,1.2,0,0,0,0,0,0,0,0,1,0,0,13,0,1,272,Inter_Monsoon,129,24.1,79,0,Favorable,None,0,0,0,1,961
2015-11-19,2015-11-25,2015,11,47,4,Normal,0,1.0,0,0,0,0,0,0,0,0,0,0,0,6,0,0,265,Inter_Monsoon,123,23.7,79,0,Favorable,None,0,0,0,1,806
2015-11-26,2015-12-02,2015,11,48,4,Monthly_Poya,2,1.15,0,0,0,0,0,0,0,0,0,0,1,1,0,1,258,Inter_Monsoon,124,24.0,81,0,Favorable,None,0,0,0,1,1020
2015-12-03,2015-12-09,2015,12,49,4,Normal,0,1.0,0,0,0,0,0,0,0,0,0,0,0,8,0,0,251,Northeast_Monsoon,78,24.0,78,0,Favorable,None,0,0,0,1,867
2015-12-10,2015-12-16,2015,12,50,4,Normal,0,1.1,0,0,0,0,0,0,0,0,0,0,0,15,1,0,244,Northeast_Monsoon,87,23.7,76,0,Favorable,None,0,0,0,1,984
2015-12-17,2015-12-23,2015,12,51,4,Normal,0,1.1,0,0,0,0,0,0,0,0,0,0,0,8,1,0,237,Northeast_Monsoon,78,23.6,78,0,Favorable,None,0,0,0,1,970
2015-12-24,2015-12-30,2015,12,52,4,Christmas_New_Year,6,1.6,0,0,0,0,0,0,0,1,0,0,1,1,1,1,230,Northeast_Monsoon,85,23.9,79,0,Favorable,None,0,0,0,1,1349
2015-12-31,2016-01-06,2015,12,1,4,Christmas_New_Year,6,1.6,0,0,0,0,0,0,0,1,0,0,0,6,1,1,223,Northeast_Monsoon,75,23.6,78,0,Favorable,None,0,0,0,1,1397
2016-01-07,2016-01-13,2016,1,2,1,Normal,0,1.1,0,0,0,0,0,0,0,0,0,0,0,17,1,0,216,Northeast_Monsoon,25,23.7,70,0,Favorable,None,0,0,0,1,1025
2016-01-14,2016-01-20,2016,1,3,1,Thai_Pongal,3,1.2,0,0,0,0,0,0,0,0,0,1,0,10,0,1,209,Northeast_Monsoon,26,23.9,71,0,Favorable,None,0,0,0,1,1145
2016-01-21,2016-01-27,2016,1,4,1,Monthly_Poya,2,1.15,0,0,0,0,0,0,0,0,0,0,1,3,0,1,202,Northeast_Monsoon,24,23.9,75,0,Favorable,None,0,0,0,1,1088
2016-01-28,2016-02-03,2016,1,5,1,Normal,0,1.0,0,0,0,0,0,0,0,0,0,0,0,4,0,0,195,Northeast_Monsoon,25,23.6,73,0,Favorable,None,0,0,0,1,991
2016-02-04,2016-02-10,2016,2,6,1,Normal,0,1.0,0,0,0,0,0,0,0,0,0,0,0,11,0,0,188,Dry_Hot,34,25.4,73,0,Favorable,None,0,0,0,1,988
2016-02-11,2016-02-17,2016,2,7,1,Normal,0,1.0,0,0,0,0,0,0,0,0,0,0,0,11,0,0,181,Dry_Hot,45,25.0,68,0,Favorable,None,0,0,0,1,920
2016-02-18,2016-02-24,2016,2,8,1,Normal,0,1.0,0,0,0,0,0,0,0,0,0,0,0,4,0,0,174,Dry_Hot,33,24.7,67,0,Favorable,None,0,0,0,1,992
2016-02-25,2016-03-02,2016,2,9,1,Monthly_Poya,2,1.15,0,0,0,0,0,0,0,0,0,0,1,3,0,1,167,Dry_Hot,40,25.4,73,0,Favorable,None,0,0,0,1,1156
2016-03-03,2016-03-09,2016,3,10,1,Normal,0,1.0,0,0,0,0,0,0,0,0,0,0,0,10,0,0,160,Dry_Hot,75,26.2,70,0,Favorable,None,0,0,0,1,945
2016-03-10,2016-03-16,2016,3,11,1,Normal,0,1.0,0,0,0,0,0,0,0,0,0,0,0,13,0,0,153,Dry_Hot,77,25.7,67,0,Favorable,None,0,0,0,1,1006
2016-03-17,2016-03-23,2016,3,12,1,Normal,0,1.0,0,0,0,0,0,0,0,0,0,0,0,6,0,0,146,Dry_Hot,63,26.1,69,0,Favorable,None,0,0,0,1,918
2016-03-24,2016-03-30,2016,3,13,1,Monthly_Poya,2,1.15,0,0,0,0,0,0,0,0,0,0,1,1,0,1,139,Dry_Hot,72,25.6,69,0,Favorable,None,0,0,0,1,1035
2016-03-31,2016-04-06,2016,3,14,1,Normal,0,1.0,0,0,0,0,0,0,0,0,0,0,0,8,0,0,132,Dry_Hot,78,25.7,69,0,Favorable,None,0,0,0,1,947
2016-04-07,2016-04-13,2016,4,15,2,Normal,0,1.1,0,0,0,0,0,0,0,0,0,0,0,15,1,0,125,Transitional,97,25.6,69,0,Moderate,None,0,0,0,1,992
2016-04-14,2016-04-20,2016,4,16,2,Sinhala_Tamil_New_Year,5,1.5,0,0,0,0,0,0,1,0,0,0,0,8,1,1,118,Transitional,99,25.9,73,0,Moderate,None,0,0,0,1,1455
2016-04-21,2016-04-27,2016,4,17,2,Monthly_Poya,2,1.15,0,0,0,0,0,0,0,0,0,0,1,1,1,1,111,Transitional,93,26.1,72,0,Moderate,None,0,0,0,1,1059
2016-04-28,2016-05-04,2016,4,18,2,Normal,0,1.0,0,0,0,0,0,0,0,0,0,0,0,6,0,0,104,Transitional,108,25.8,71,0,Moderate,None,0,0,0,1,968
2016-05-05,2016-05-11,2016,5,19,2,Normal,0,1.0,0,0,0,0,0,0,0,0,0,0,0,13,0,0,97,Southwest_Monsoon,152,24.7,80,1,Unfavorable,None,0,0,0,1,916
2016-05-12,2016-05-18,2016,5,20,2,Normal,0,1.0,0,0,0,0,0,0,0,0,0,0,0,9,0,0,90,Southwest_Monsoon,151,25.0,83,1,Unfavorable,None,0,0,0,1,908
2016-05-19,2016-05-25,2016,5,21,2,Vesak,6,1.6,0,0,0,0,0,1,0,0,0,0,1,2,0,1,83,Southwest_Monsoon,142,25.0,81,1,Unfavorable,None,0,0,0,1,1599
2016-05-26,2016-06-01,2016,5,22,2,Normal,0,1.0,0,0,0,0,0,0,0,0,0,0,0,5,0,0,76,Southwest_Monsoon,144,25.0,81,1,Unfavorable,None,0,0,0,1,1007
2016-06-02,2016-06-08,2016,6,23,2,Normal,0,1.0,0,0,0,0,0,0,0,0,0,0,0,12,0,0,69,Southwest_Monsoon,163,24.4,82,1,Unfavorable,None,0,0,0,1,923
2016-06-09,2016-06-15,2016,6,24,2,Normal,0,1.0,0,0,0,0,0,0,0,0,0,0,0,11,0,0,62,Southwest_Monsoon,157,23.9,85,1,Unfavorable,None,0,0,0,1,935
2016-06-16,2016-06-22,2016,6,25,2,Normal,0,1.0,0,0,0,0,0,0,0,0,0,0,0,4,0,0,55,Southwest_Monsoon,168,23.5,87,1,Unfavorable,None,0,0,0,1,973
2016-06-23,2016-06-29,2016,6,26,2,Poson_Perahera,7,2.0,0,0,0,0,1,0,0,0,0,0,1,3,0,1,48,Southwest_Monsoon,155,24.4,82,1,Unfavorable,None,0,0,0,1,1912
2016-06-30,2016-07-06,2016,6,27,2,Normal,0,1.0,0,0,0,0,0,0,0,0,0,0,0,10,0,0,41,Southwest_Monsoon,155,24.2,82,1,Unfavorable,None,0,0,0,1,923
2016-07-07,2016-07-13,2016,7,28,3,Normal,0,1.0,0,0,0,0,0,0,0,0,0,0,0,12,0,0,34,Southwest_Monsoon,138,23.2,81,1,Moderate,None,0,0,0,1,924
2016-07-14,2016-07-20,2016,7,29,3,Normal,0,1.0,0,0,0,0,0,0,0,0,0,0,0,5,0,0,27,Southwest_Monsoon,140,23.0,82,1,Moderate,None,0,0,0,1,971
2016-07-21,2016-07-27,2016,7,30,3,August_Buildup,3,1.2,0,0,0,1,0,0,0,0,0,0,1,2,0,1,20,Southwest_Monsoon,133,22.6,83,1,Moderate,None,0,0,0,1,1195
2016-07-28,2016-08-03,2016,7,31,3,Esala_Prep,6,1.7,0,1,0,0,0,0,0,0,0,0,0,9,0,1,13,Southwest_Monsoon,133,22.5,86,1,Moderate,None,0,0,0,1,1679
2016-08-04,2016-08-10,2016,8,32,3,Esala_Prep,6,1.7,0,1,0,0,0,0,0,0,0,0,0,14,1,1,6,Southwest_Monsoon,130,22.7,82,1,Moderate,None,0,0,0,1,1543
2016-08-11,2016-08-17,2016,8,33,3,Esala_Perahera,10,2.8,1,0,0,0,0,0,0,0,0,0,0,7,1,1,383,Southwest_Monsoon,135,23.1,79,1,Moderate,None,0,0,0,1,2676
2016-08-18,2016-08-24,2016,8,34,3,Esala_Perahera,10,2.8,1,0,0,0,0,0,0,0,0,0,1,0,1,1,376,Southwest_Monsoon,126,23.0,85,1,Moderate,None,0,0,0,1,2524
2016-08-25,2016-08-31,2016,8,35,3,Esala_Post,4,1.3,0,0,1,0,0,0,0,0,0,0,0,7,0,1,369,Southwest_Monsoon,126,22.9,79,1,Moderate,None,0,0,0,1,1216
2016-09-01,2016-09-07,2016,9,36,3,Normal,0,1.0,0,0,0,0,0,0,0,0,0,0,0,14,0,0,362,Southwest_Monsoon,113,24.4,79,1,Moderate,None,0,0,0,1,928
2016-09-08,2016-09-14,2016,9,37,3,Normal,0,1.0,0,0,0,0,0,0,0,0,0,0,0,8,0,0,355,Southwest_Monsoon,115,23.9,82,1,Moderate,None,0,0,0,1,971
2016-09-15,2016-09-21,2016,9,38,3,Monthly_Poya,2,1.15,0,0,0,0,0,0,0,0,0,0,1,1,0,1,348,Southwest_Monsoon,125,24.5,83,1,Moderate,None,0,0,0,1,1143
2016-09-22,2016-09-28,2016,9,39,3,Normal,0,1.0,0,0,0,0,0,0,0,0,0,0,0,6,0,0,341,Southwest_Monsoon,119,24.4,84,1,Moderate,None,0,0,0,1,911
2016-09-29,2016-10-05,2016,9,40,3,Normal,0,1.0,0,0,0,0,0,0,0,0,0,0,0,13,0,0,334,Southwest_Monsoon,125,23.5,83,1,Moderate,None,0,0,0,1,985
2016-10-06,2016-10-12,2016,10,41,4,Normal,0,1.0,0,0,0,0,0,0,0,0,0,0,0,10,0,0,327,Inter_Monsoon,165,24.3,86,0,Moderate,None,0,0,0,1,998
2016-10-13,2016-10-19,2016,10,42,4,Monthly_Poya,2,1.15,0,0,0,0,0,0,0,0,0,0,1,3,0,1,320,Inter_Monsoon,159,23.8,86,0,Moderate,None,0,0,0,1,1123
2016-10-20,2016-10-26,2016,10,43,4,Normal,0,1.0,0,0,0,0,0,0,0,0,0,0,0,4,0,0,313,Inter_Monsoon,164,24.4,86,0,Moderate,None,0,0,0,1,973
2016-10-27,2016-11-02,2016,10,44,4,Normal,0,1.0,0,0,0,0,0,0,0,0,0,0,0,11,0,0,306,Inter_Monsoon,158,24.3,83,0,Moderate,None,0,0,0,1,947
2016-11-03,2016-11-09,2016,11,45,4,Normal,0,1.0,0,0,0,0,0,0,0,0,0,0,0,11,0,0,299,Inter_Monsoon,129,23.7,84,0,Favorable,None,0,0,0,1,933
2016-11-10,2016-11-16,2016,11,46,4,Normal,0,1.0,0,0,0,0,0,0,0,0,0,0,0,4,0,0,292,Inter_Monsoon,132,23.8,79,0,Favorable,None,0,0,0,1,915
2016-11-17,2016-11-23,2016,11,47,4,Monthly_Poya,2,1.15,0,0,0,0,0,0,0,0,0,0,1,3,0,1,285,Inter_Monsoon,130,23.9,83,0,Favorable,None,0,0,0,1,1154
2016-11-24,2016-11-30,2016,11,48,4,Normal,0,1.0,0,0,0,0,0,0,0,0,0,0,0,10,0,0,278,Inter_Monsoon,132,24.4,79,0,Favorable,None,0,0,0,1,939
2016-12-01,2016-12-07,2016,12,49,4,Normal,0,1.0,0,0,0,0,0,0,0,0,0,0,0,12,0,0,271,Northeast_Monsoon,80,23.7,75,0,Favorable,None,0,0,0,1,993
2016-12-08,2016-12-14,2016,12,50,4,Normal,0,1.0,0,0,0,0,0,0,0,0,0,0,0,5,0,0,264,Northeast_Monsoon,85,23.8,79,0,Favorable,None,0,0,0,1,897
2016-12-15,2016-12-21,2016,12,51,4,Monthly_Poya,2,1.15,0,0,0,0,0,0,0,0,0,0,1,2,1,1,257,Northeast_Monsoon,88,23.6,77,0,Favorable,None,0,0,0,1,1068
2016-12-22,2016-12-28,2016,12,52,4,Christmas_New_Year,6,1.6,0,0,0,0,0,0,0,1,0,0,0,9,1,1,250,Northeast_Monsoon,73,24.2,73,0,Favorable,None,0,0,0,1,1463
2016-12-29,2017-01-04,2016,12,1,4,Christmas_New_Year,6,1.6,0,0,0,0,0,0,0,1,0,0,0,16,1,1,243,Northeast_Monsoon,78,23.9,73,0,Favorable,None,0,0,0,1,1524
2017-01-05,2017-01-11,2017,1,2,1,Normal,0,1.1,0,0,0,0,0,0,0,0,0,0,0,7,1,0,236,Northeast_Monsoon,32,24.1,74,0,Favorable,None,0,0,0,1,1136
2017-01-12,2017-01-18,2017,1,3,1,Monthly_Poya,2,1.15,0,0,0,0,0,0,0,0,0,0,1,0,0,1,229,Northeast_Monsoon,31,24.0,74,0,Favorable,None,0,0,0,1,1174
2017-01-19,2017-01-25,2017,1,4,1,Normal,0,1.0,0,0,0,0,0,0,0,0,0,0,0,7,0,0,222,Northeast_Monsoon,34,24.2,73,0,Favorable,None,0,0,0,1,969
2017-01-26,2017-02-01,2017,1,5,1,Normal,0,1.0,0,0,0,0,0,0,0,0,0,0,0,14,0,0,215,Northeast_Monsoon,35,24.2,72,0,Favorable,None,0,0,0,1,936
2017-02-02,2017-02-08,2017,2,6,1,Normal,0,1.0,0,0,0,0,0,0,0,0,0,0,0,8,0,0,208,Dry_Hot,37,25.1,69,0,Favorable,None,0,0,0,1,1001
2017-02-09,2017-02-15,2017,2,7,1,Monthly_Poya,2,1.15,0,0,0,0,0,0,0,0,0,0,1,1,0,1,201,Dry_Hot,32,24.8,68,0,Favorable,None,0,0,0,1,1114
2017-02-16,2017-02-22,2017,2,8,1,Normal,0,1.0,0,0,0,0,0,0,0,0,0,0,0,6,0,0,194,Dry_Hot,42,25.0,70,0,Favorable,None,0,0,0,1,972
2017-02-23,2017-03-01,2017,2,9,1,Normal,0,1.0,0,0,0,0,0,0,0,0,0,0,0,13,0,0,187,Dry_Hot,48,25.0,73,0,Favorable,None,0,0,0,1,1001
2017-03-02,2017-03-08,2017,3,10,1,Normal,0,1.0,0,0,0,0,0,0,0,0,0,0,0,10,0,0,180,Dry_Hot,64,25.8,70,0,Favorable,None,0,0,0,1,1008
2017-03-09,2017-03-15,2017,3,11,1,Monthly_Poya,2,1.15,0,0,0,0,0,0,0,0,0,0,1,3,0,1,173,Dry_Hot,72,25.6,71,0,Favorable,None,0,0,0,1,1145
2017-03-16,2017-03-22,2017,3,12,1,Normal,0,1.0,0,0,0,0,0,0,0,0,0,0,0,4,0,0,166,Dry_Hot,71,25.7,66,0,Favorable,None,0,0,0,1,949
2017-03-23,2017-03-29,2017,3,13,1,Normal,0,1.0,0,0,0,0,0,0,0,0,0,0,0,11,0,0,159,Dry_Hot,63,25.7,68,0,Favorable,None,0,0,0,1,939
2017-03-30,2017-04-05,2017,3,14,1,Normal,0,1.0,0,0,0,0,0,0,0,0,0,0,0,12,0,0,152,Dry_Hot,64,26.0,70,0,Favorable,None,0,0,0,1,993
2017-04-06,2017-04-12,2017,4,15,2,Normal,0,1.1,0,0,0,0,0,0,0,0,0,0,0,5,1,0,145,Transitional,104,26.0,70,0,Moderate,None,0,0,0,1,1088
2017-04-13,2017-04-19,2017,4,16,2,Sinhala_Tamil_New_Year,5,1.5,0,0,0,0,0,0,1,0,0,0,1,2,1,1,138,Transitional,92,26.4,75,0,Moderate,None,0,0,0,1,1408
2017-04-20,2017-04-26,2017,4,17,2,Normal,0,1.1,0,0,0,0,0,0,0,0,0,0,0,9,1,0,131,Transitional,95,26.3,70,0,Moderate,None,0,0,0,1,1113
2017-04-27,2017-05-03,2017,4,18,2,Normal,0,1.0,0,0,0,0,0,0,0,0,0,0,0,13,0,0,124,Transitional,108,26.0,73,0,Moderate,None,0,0,0,1,942
2017-05-04,2017-05-10,2017,5,19,2,Normal,0,1.0,0,0,0,0,0,0,0,0,0,0,0,6,0,0,117,Southwest_Monsoon,145,25.0,83,1,Unfavorable,None,0,0,0,1,951
2017-05-11,2017-05-17,2017,5,20,2,Vesak,6,1.6,0,0,0,0,0,1,0,0,0,0,1,1,0,1,110,Southwest_Monsoon,158,25.5,81,1,Unfavorable,None,0,0,0,1,1561
2017-05-18,2017-05-24,2017,5,21,2,Normal,0,1.0,0,0,0,0,0,0,0,0,0,0,0,8,0,0,103,Southwest_Monsoon,156,25.1,82,1,Unfavorable,None,0,0,0,1,959
2017-05-25,2017-05-31,2017,5,22,2,Normal,0,1.0,0,0,0,0,0,0,0,0,0,0,0,15,0,0,96,Southwest_Monsoon,155,25.3,81,1,Unfavorable,None,0,0,0,1,1026
2017-06-01,2017-06-07,2017,6,23,2,Normal,0,1.0,0,0,0,0,0,0,0,0,0,0,0,8,0,0,89,Southwest_Monsoon,157,24.2,84,1,Unfavorable,None,0,0,0,1,974
2017-06-08,2017-06-14,2017,6,24,2,Poson_Perahera,7,2.0,0,0,0,0,1,0,0,0,0,0,1,1,0,1,82,Southwest_Monsoon,159,24.3,83,1,Unfavorable,None,0,0,0,1,1948
2017-06-15,2017-06-21,2017,6,25,2,Normal,0,1.0,0,0,0,0,0,0,0,0,0,0,0,6,0,0,75,Southwest_Monsoon,168,24.0,82,1,Unfavorable,None,0,0,0,1,1011
2017-06-22,2017-06-28,2017,6,26,2,Normal,0,1.0,0,0,0,0,0,0,0,0,0,0,0,13,0,0,68,Southwest_Monsoon,154,24.2,82,1,Unfavorable,None,0,0,0,1,953
2017-06-29,2017-07-05,2017,6,27,2,Normal,0,1.0,0,0,0,0,0,0,0,0,0,0,0,9,0,0,61,Southwest_Monsoon,162,24.4,81,1,Unfavorable,None,0,0,0,1,953
2017-07-06,2017-07-12,2017,7,28,3,Monthly_Poya,2,1.15,0,0,0,0,0,0,0,0,0,0,1,2,0,1,54,Southwest_Monsoon,139,22.9,81,1,Moderate,None,0,0,0,1,1078
2017-07-13,2017-07-19,2017,7,29,3,Normal,0,1.0,0,0,0,0,0,0,0,0,0,0,0,5,0,0,47,Southwest_Monsoon,134,22.9,82,1,Moderate,None,0,0,0,1,1004
2017-07-20,2017-07-26,2017,7,30,3,Normal,0,1.0,0,0,0,0,0,0,0,0,0,0,0,12,0,0,40,Southwest_Monsoon,145,22.6,86,1,Moderate,None,0,0,0,1,985
2017-07-27,2017-08-02,2017,7,31,3,Normal,0,1.0,0,0,0,0,0,0,0,0,0,0,0,11,0,0,33,Southwest_Monsoon,132,23.4,86,1,Moderate,None,0,0,0,1,971
2017-08-03,2017-08-09,2017,8,32,3,Normal,0,1.1,0,0,0,0,0,0,0,0,0,0,0,4,1,0,26,Southwest_Monsoon,137,22.5,81,1,Moderate,None,0,0,0,1,1088
2017-08-10,2017-08-16,2017,8,33,3,August_Buildup,3,1.2,0,0,0,1,0,0,0,0,0,0,1,3,1,1,19,Southwest_Monsoon,134,23.4,85,1,Moderate,None,0,0,0,1,1148
2017-08-17,2017-08-23,2017,8,34,3,Esala_Prep,6,1.7,0,1,0,0,0,0,0,0,0,0,0,10,1,1,12,Southwest_Monsoon,129,23.0,81,1,Moderate,None,0,0,0,1,1650
2017-08-24,2017-08-30,2017,8,35,3,Esala_Prep,6,1.7,0,1,0,0,0,0,0,0,0,0,0,13,0,1,5,Southwest_Monsoon,122,22.9,84,1,Moderate,None,0,0,0,1,1653
2017-08-31,2017-09-06,2017,8,36,3,Esala_Perahera,10,2.8,1,0,0,0,0,0,0,0,0,0,0,6,0,1,352,Southwest_Monsoon,134,23.2,85,1,Moderate,None,0,0,0,1,2803
2017-09-07,2017-09-13,2017,9,37,3,Esala_Perahera,10,2.8,1,0,0,0,0,0,0,0,0,0,1,1,0,1,345,Southwest_Monsoon,116,24.5,82,1,Moderate,None,0,0,0,1,2733
2017-09-14,2017-09-20,2017,9,38,3,Esala_Post,4,1.3,0,0,1,0,0,0,0,0,0,0,0,8,0,1,338,Southwest_Monsoon,124,24.1,83,1,Moderate,None,0,0,0,1,1202
2017-09-21,2017-09-27,2017,9,39,3,Normal,0,1.0,0,0,0,0,0,0,0,0,0,0,0,14,0,0,331,Southwest_Monsoon,125,23.6,81,1,Moderate,None,0,0,0,1,924
2017-09-28,2017-10-04,2017,9,40,3,Normal,0,1.0,0,0,0,0,0,0,0,0,0,0,0,7,0,0,324,Southwest_Monsoon,120,23.9,79,1,Moderate,None,0,0,0,1,943
2017-10-05,2017-10-11,2017,10,41,4,Monthly_Poya,2,1.15,0,0,0,0,0,0,0,0,0,0,1,0,0,1,317,Inter_Monsoon,162,24.3,83,0,Moderate,None,0,0,0,1,1121
2017-10-12,2017-10-18,2017,10,42,4,Normal,0,1.0,0,0,0,0,0,0,0,0,0,0,0,7,0,0,310,Inter_Monsoon,165,23.8,80,0,Moderate,None,0,0,0,1,954
2017-10-19,2017-10-25,2017,10,43,4,Deepavali,4,1.2,0,0,0,0,0,0,0,0,1,0,0,14,0,1,303,Inter_Monsoon,153,24.5,82,0,Moderate,None,0,0,0,1,1172
2017-10-26,2017-11-01,2017,10,44,4,Normal,0,1.0,0,0,0,0,0,0,0,0,0,0,0,9,0,0,296,Inter_Monsoon,154,24.3,85,0,Moderate,None,0,0,0,1,948
2017-11-02,2017-11-08,2017,11,45,4,Monthly_Poya,2,1.15,0,0,0,0,0,0,0,0,0,0,1,2,0,1,289,Inter_Monsoon,122,24.4,80,0,Favorable,None,0,0,0,1,1065
2017-11-09,2017-11-15,2017,11,46,4,Normal,0,1.0,0,0,0,0,0,0,0,0,0,0,0,5,0,0,282,Inter_Monsoon,126,23.7,82,0,Favorable,None,0,0,0,1,1020
2017-11-16,2017-11-22,2017,11,47,4,Normal,0,1.0,0,0,0,0,0,0,0,0,0,0,0,12,0,0,275,Inter_Monsoon,128,24.0,81,0,Favorable,None,0,0,0,1,1000
2017-11-23,2017-11-29,2017,11,48,4,Normal,0,1.0,0,0,0,0,0,0,0,0,0,0,0,10,0,0,268,Inter_Monsoon,127,24.1,84,0,Favorable,None,0,0,0,1,1011
2017-11-30,2017-12-06,2017,11,49,4,Monthly_Poya,2,1.15,0,0,0,0,0,0,0,0,0,0,1,3,0,1,261,Inter_Monsoon,127,24.5,79,0,Favorable,None,0,0,0,1,1157
2017-12-07,2017-12-13,2017,12,50,4,Normal,0,1.0,0,0,0,0,0,0,0,0,0,0,0,4,0,0,254,Northeast_Monsoon,81,24.1,76,0,Favorable,None,0,0,0,1,989
2017-12-14,2017-12-20,2017,12,51,4,Normal,0,1.1,0,0,0,0,0,0,0,0,0,0,0,11,1,0,247,Northeast_Monsoon,78,23.6,78,0,Favorable,None,0,0,0,1,1065
2017-12-21,2017-12-27,2017,12,52,4,Normal,0,1.1,0,0,0,0,0,0,0,0,0,0,0,18,1,0,240,Northeast_Monsoon,79,23.6,79,0,Favorable,None,0,0,0,1,1121
2017-12-28,2018-01-03,2017,12,1,4,Christmas_New_Year,6,1.6,0,0,0,0,0,0,0,1,0,0,0,25,1,1,233,Northeast_Monsoon,75,24.3,77,0,Favorable,None,0,0,0,1,1531
2018-01-04,2018-01-10,2018,1,2,1,Monthly_Poya,2,1.15,0,0,0,0,0,0,0,0,0,0,1,2,1,1,226,Northeast_Monsoon,33,24.0,74,0,Favorable,None,0,0,0,1,1248
2018-01-11,2018-01-17,2018,1,3,1,Normal,0,1.0,0,0,0,0,0,0,0,0,0,0,0,9,0,0,219,Northeast_Monsoon,38,24.1,69,0,Favorable,None,0,0,0,1,1034
2018-01-18,2018-01-24,2018,1,4,1,Normal,0,1.0,0,0,0,0,0,0,0,0,0,0,0,13,0,0,212,Northeast_Monsoon,37,23.6,71,0,Favorable,None,0,0,0,1,1094
2018-01-25,2018-01-31,2018,1,5,1,Normal,0,1.0,0,0,0,0,0,0,0,0,0,0,0,6,0,0,205,Northeast_Monsoon,36,24.2,72,0,Favorable,None,0,0,0,1,1067
2018-02-01,2018-02-07,2018,2,6,1,Monthly_Poya,2,1.15,0,0,0,0,0,0,0,0,0,0,1,1,0,1,198,Dry_Hot,48,25.5,69,0,Favorable,None,0,0,0,1,1161
2018-02-08,2018-02-14,2018,2,7,1,Normal,0,1.0,0,0,0,0,0,0,0,0,0,0,0,8,0,0,191,Dry_Hot,47,25.0,73,0,Favorable,None,0,0,0,1,1065
2018-02-15,2018-02-21,2018,2,8,1,Normal,0,1.0,0,0,0,0,0,0,0,0,0,0,0,15,0,0,184,Dry_Hot,40,24.8,68,0,Favorable,None,0,0,0,1,1079
2018-02-22,2018-02-28,2018,2,9,1,Normal,0,1.0,0,0,0,0,0,0,0,0,0,0,0,8,0,0,177,Dry_Hot,34,24.8,70,0,Favorable,None,0,0,0,1,1092
2018-03-01,2018-03-07,2018,3,10,1,Monthly_Poya,2,1.15,0,0,0,0,0,0,0,0,0,0,1,1,0,1,170,Dry_Hot,76,26.1,70,0,Favorable,None,0,0,0,1,1170
2018-03-08,2018-03-14,2018,3,11,1,Normal,0,1.0,0,0,0,0,0,0,0,0,0,0,0,6,0,0,163,Dry_Hot,62,26.0,67,0,Favorable,None,0,0,0,1,1035
2018-03-15,2018-03-21,2018,3,12,1,Normal,0,1.0,0,0,0,0,0,0,0,0,0,0,0,13,0,0,156,Dry_Hot,68,25.9,67,0,Favorable,None,0,0,0,1,1010
2018-03-22,2018-03-28,2018,3,13,1,Normal,0,1.0,0,0,0,0,0,0,0,0,0,0,0,9,0,0,149,Dry_Hot,70,26.1,69,0,Favorable,None,0,0,0,1,1030
2018-03-29,2018-04-04,2018,3,14,1,Monthly_Poya,2,1.15,0,0,0,0,0,0,0,0,0,0,1,2,0,1,142,Dry_Hot,64,25.7,68,0,Favorable,None,0,0,0,1,1272
2018-04-05,2018-04-11,2018,4,15,2,Normal,0,1.1,0,0,0,0,0,0,0,0,0,0,0,5,1,0,135,Transitional,99,26.2,74,0,Moderate,None,0,0,0,1,1153
2018-04-12,2018-04-18,2018,4,16,2,Sinhala_Tamil_New_Year,5,1.5,0,0,0,0,0,0,1,0,0,0,0,12,1,1,128,Transitional,106,26.3,69,0,Moderate,None,0,0,0,1,1615
2018-04-19,2018-04-25,2018,4,17,2,Normal,0,1.1,0,0,0,0,0,0,0,0,0,0,0,11,1,0,121,Transitional,104,26.2,71,0,Moderate,None,0,0,0,1,1126
2018-04-26,2018-05-02,2018,4,18,2,Normal,0,1.0,0,0,0,0,0,0,0,0,0,0,0,4,0,0,114,Transitional,103,26.0,73,0,Moderate,None,0,0,0,1,1071
2018-05-03,2018-05-09,2018,5,19,2,Monthly_Poya,2,1.15,0,0,0,0,0,0,0,0,0,0,1,3,0,1,107,Southwest_Monsoon,152,24.9,80,1,Unfavorable,None,0,0,0,1,1185
2018-05-10,2018-05-16,2018,5,20,2,Normal,0,1.0,0,0,0,0,0,0,0,0,0,0,0,10,0,0,100,Southwest_Monsoon,150,24.7,82,1,Unfavorable,None,0,0,0,1,1021
2018-05-17,2018-05-23,2018,5,21,2,Normal,0,1.0,0,0,0,0,0,0,0,0,0,0,0,12,0,0,93,Southwest_Monsoon,145,25.2,83,1,Unfavorable,None,0,0,0,1,1011
2018-05-24,2018-05-30,2018,5,22,2,Normal,0,1.0,0,0,0,0,0,0,0,0,0,0,0,5,0,0,86,Southwest_Monsoon,148,24.7,80,1,Unfavorable,None,0,0,0,1,1074
2018-05-31,2018-06-06,2018,5,23,2,Monthly_Poya,2,1.15,0,0,0,0,0,0,0,0,0,0,1,2,0,1,79,Southwest_Monsoon,158,25.1,77,1,Unfavorable,None,0,0,0,1,1175
2018-06-07,2018-06-13,2018,6,24,2,Normal,0,1.0,0,0,0,0,0,0,0,0,0,0,0,9,0,0,72,Southwest_Monsoon,161,23.7,82,1,Unfavorable,None,0,0,0,1,1092
2018-06-14,2018-06-20,2018,6,25,2,Normal,0,1.0,0,0,0,0,0,0,0,0,0,0,0,14,0,0,65,Southwest_Monsoon,156,23.8,81,1,Unfavorable,None,0,0,0,1,1025
2018-06-21,2018-06-27,2018,6,26,2,Normal,0,1.0,0,0,0,0,0,0,0,0,0,0,0,7,0,0,58,Southwest_Monsoon,156,24.1,87,1,Unfavorable,None,0,0,0,1,1057
2018-06-28,2018-07-04,2018,6,27,2,Poson_Perahera,7,2.0,0,0,0,0,1,0,0,0,0,0,1,0,0,1,51,Southwest_Monsoon,152,24.1,84,1,Unfavorable,None,0,0,0,1,2098
2018-07-05,2018-07-11,2018,7,28,3,Normal,0,1.0,0,0,0,0,0,0,0,0,0,0,0,7,0,0,44,Southwest_Monsoon,142,22.7,80,1,Moderate,None,0,0,0,1,1047
2018-07-12,2018-07-18,2018,7,29,3,Normal,0,1.0,0,0,0,0,0,0,0,0,0,0,0,14,0,0,37,Southwest_Monsoon,147,22.6,80,1,Moderate,None,0,0,0,1,1019
2018-07-19,2018-07-25,2018,7,30,3,Normal,0,1.0,0,0,0,0,0,0,0,0,0,0,0,8,0,0,30,Southwest_Monsoon,134,23.1,85,1,Moderate,None,0,0,0,1,1037
2018-07-26,2018-08-01,2018,7,31,3,Monthly_Poya,2,1.15,0,0,0,0,0,0,0,0,0,0,1,1,0,1,23,Southwest_Monsoon,136,23.3,82,1,Moderate,None,0,0,0,1,1143
2018-08-02,2018-08-08,2018,8,32,3,August_Buildup,3,1.2,0,0,0,1,0,0,0,0,0,0,0,6,1,1,16,Southwest_Monsoon,129,22.6,85,1,Moderate,None,0,0,0,1,1197
2018-08-09,2018-08-15,2018,8,33,3,Esala_Prep,6,1.7,0,1,0,0,0,0,0,0,0,0,0,13,1,1,9,Southwest_Monsoon,129,23.3,82,1,Moderate,None,0,0,0,1,1767
2018-08-16,2018-08-22,2018,8,34,3,Esala_Prep,6,1.7,0,1,0,0,0,0,0,0,0,0,0,10,1,1,2,Southwest_Monsoon,136,22.8,83,1,Moderate,None,0,0,0,1,1774
2018-08-23,2018-08-29,2018,8,35,3,Esala_Perahera,10,2.8,1,0,0,0,0,0,0,0,0,0,1,3,0,1,349,Southwest_Monsoon,131,23.1,79,1,Moderate,None,0,0,0,1,3113
2018-08-30,2018-09-05,2018,8,36,3,Esala_Post,4,1.3,0,0,1,0,0,0,0,0,0,0,0,4,0,1,342,Southwest_Monsoon,125,23.4,80,1,Moderate,None,0,0,0,1,1383
2018-09-06,2018-09-12,2018,9,37,3,Normal,0,1.0,0,0,0,0,0,0,0,0,0,0,0,11,0,0,335,Southwest_Monsoon,120,24.2,79,1,Moderate,None,0,0,0,1,1066
2018-09-13,2018-09-19,2018,9,38,3,Normal,0,1.0,0,0,0,0,0,0,0,0,0,0,0,12,0,0,328,Southwest_Monsoon,114,23.7,81,1,Moderate,None,0,0,0,1,1017
2018-09-20,2018-09-26,2018,9,39,3,Normal,0,1.0,0,0,0,0,0,0,0,0,0,0,0,5,0,0,321,Southwest_Monsoon,127,23.8,79,1,Moderate,None,0,0,0,1,1044
2018-09-27,2018-10-03,2018,9,40,3,Monthly_Poya,2,1.15,0,0,0,0,0,0,0,0,0,0,1,2,0,1,314,Southwest_Monsoon,121,24.2,81,1,Moderate,None,0,0,0,1,1177
2018-10-04,2018-10-10,2018,10,41,4,Normal,0,1.0,0,0,0,0,0,0,0,0,0,0,0,9,0,0,307,Inter_Monsoon,159,24.4,86,0,Moderate,None,0,0,0,1,996
2018-10-11,2018-10-17,2018,10,42,4,Normal,0,1.0,0,0,0,0,0,0,0,0,0,0,0,13,0,0,300,Inter_Monsoon,158,23.9,84,0,Moderate,None,0,0,0,1,1087
2018-10-18,2018-10-24,2018,10,43,4,Normal,0,1.0,0,0,0,0,0,0,0,0,0,0,0,6,0,0,293,Inter_Monsoon,156,24.4,86,0,Moderate,None,0,0,0,1,1015
2018-10-25,2018-10-31,2018,10,44,4,Monthly_Poya,2,1.15,0,0,0,0,0,0,0,0,0,0,1,1,0,1,286,Inter_Monsoon,153,23.7,82,0,Moderate,None,0,0,0,1,1156
2018-11-01,2018-11-07,2018,11,45,4,Normal,0,1.0,0,0,0,0,0,0,0,0,0,0,0,8,0,0,279,Inter_Monsoon,131,23.9,82,0,Favorable,None,0,0,0,1,1062
2018-11-08,2018-11-14,2018,11,46,4,Deepavali,4,1.2,0,0,0,0,0,0,0,0,1,0,0,15,0,1,272,Inter_Monsoon,134,24.4,83,0,Favorable,None,0,0,0,1,1289
2018-11-15,2018-11-21,2018,11,47,4,Normal,0,1.0,0,0,0,0,0,0,0,0,0,0,0,8,0,0,265,Inter_Monsoon,136,23.6,79,0,Favorable,None,0,0,0,1,1055
2018-11-22,2018-11-28,2018,11,48,4,Monthly_Poya,2,1.15,0,0,0,0,0,0,0,0,0,0,1,1,0,1,258,Inter_Monsoon,132,24.1,79,0,Favorable,None,0,0,0,1,1264
2018-11-29,2018-12-05,2018,11,49,4,Normal,0,1.0,0,0,0,0,0,0,0,0,0,0,0,6,0,0,251,Inter_Monsoon,122,24.5,84,0,Favorable,None,0,0,0,1,999
2018-12-06,2018-12-12,2018,12,50,4,Normal,0,1.0,0,0,0,0,0,0,0,0,0,0,0,13,0,0,244,Northeast_Monsoon,73,24.3,74,0,Favorable,None,0,0,0,1,1090
2018-12-13,2018-12-19,2018,12,51,4,Normal,0,1.1,0,0,0,0,0,0,0,0,0,0,0,9,1,0,237,Northeast_Monsoon,86,24.4,74,0,Favorable,None,0,0,0,1,1151
2018-12-20,2018-12-26,2018,12,52,4,Monthly_Poya,2,1.15,0,0,0,0,0,0,0,0,0,0,1,2,1,1,230,Northeast_Monsoon,85,24.1,76,0,Favorable,None,0,0,0,1,1280
2018-12-27,2019-01-02,2018,12,1,4,Christmas_New_Year,6,1.6,0,0,0,0,0,0,0,1,0,0,0,5,1,1,223,Northeast_Monsoon,87,23.8,75,0,Favorable,None,0,0,0,1,1775
2019-01-03,2019-01-09,2019,1,2,1,Normal,0,1.1,0,0,0,0,0,0,0,0,0,0,0,18,1,0,216,Northeast_Monsoon,25,24.4,71,0,Favorable,None,0,0,0,1,926
2019-01-10,2019-01-16,2019,1,3,1,Normal,0,1.1,0,0,0,0,0,0,0,0,0,0,0,11,1,0,209,Northeast_Monsoon,37,23.8,72,0,Favorable,None,0,0,0,1,936
2019-01-17,2019-01-23,2019,1,4,1,Normal,0,1.0,0,0,0,0,0,0,0,0,0,0,0,4,0,0,202,Northeast_Monsoon,23,24.0,71,0,Favorable,None,0,0,0,1,892
2019-01-24,2019-01-30,2019,1,5,1,Monthly_Poya,2,1.15,0,0,0,0,0,0,0,0,0,0,1,3,0,1,195,Northeast_Monsoon,25,24.5,72,0,Favorable,None,0,0,0,1,960
2019-01-31,2019-02-06,2019,1,6,1,Normal,0,1.0,0,0,0,0,0,0,0,0,0,0,0,10,0,0,188,Northeast_Monsoon,22,24.2,73,0,Favorable,None,0,0,0,1,898
2019-02-07,2019-02-13,2019,2,7,1,Normal,0,1.0,0,0,0,0,0,0,0,0,0,0,0,12,0,0,181,Dry_Hot,33,24.7,69,0,Favorable,None,0,0,0,1,856
2019-02-14,2019-02-20,2019,2,8,1,Normal,0,1.0,0,0,0,0,0,0,0,0,0,0,0,5,0,0,174,Dry_Hot,47,25.1,73,0,Favorable,None,0,0,0,1,873
2019-02-21,2019-02-27,2019,2,9,1,Monthly_Poya,2,1.15,0,0,0,0,0,0,0,0,0,0,1,2,0,1,167,Dry_Hot,40,25.0,69,0,Favorable,None,0,0,0,1,936
2019-02-28,2019-03-06,2019,2,10,1,Normal,0,1.0,0,0,0,0,0,0,0,0,0,0,0,9,0,0,160,Dry_Hot,47,24.6,72,0,Favorable,None,0,0,0,1,854
2019-03-07,2019-03-13,2019,3,11,1,Normal,0,1.0,0,0,0,0,0,0,0,0,0,0,0,13,0,0,153,Dry_Hot,69,26.2,67,0,Favorable,None,0,0,0,1,871
2019-03-14,2019-03-20,2019,3,12,1,Normal,0,1.0,0,0,0,0,0,0,0,0,0,0,0,6,0,0,146,Dry_Hot,75,25.6,71,0,Favorable,None,0,0,0,1,865
2019-03-21,2019-03-27,2019,3,13,1,Monthly_Poya,2,1.15,0,0,0,0,0,0,0,0,0,0,1,1,0,1,139,Dry_Hot,76,26.4,70,0,Favorable,None,0,0,0,1,1038
2019-03-28,2019-04-03,2019,3,14,1,Normal,0,1.0,0,0,0,0,0,0,0,0,0,0,0,8,0,0,132,Dry_Hot,77,26.4,67,0,Favorable,None,0,0,0,1,894
2019-04-04,2019-04-10,2019,4,15,2,Normal,0,1.1,0,0,0,0,0,0,0,0,0,0,0,15,1,0,125,Transitional,100,25.9,72,0,Moderate,None,0,1,0,1,947
2019-04-11,2019-04-17,2019,4,16,2,Normal,0,1.1,0,0,0,0,0,0,0,0,0,0,0,8,1,0,118,Transitional,99,26.0,70,0,Moderate,None,0,1,0,1,1001
2019-04-18,2019-04-24,2019,4,17,2,Monthly_Poya,2,1.15,0,0,0,0,0,0,0,0,0,0,1,1,1,1,111,Transitional,108,26.2,70,0,Moderate,None,0,1,0,1,975
2019-04-25,2019-05-01,2019,4,18,2,Normal,0,0.3,0,0,0,0,0,0,0,0,0,0,0,6,0,0,104,Transitional,100,26.3,75,0,Moderate,Easter_Bombing_Week,0,1,0,0,269
2019-05-02,2019-05-08,2019,5,19,2,Normal,0,0.28,0,0,0,0,0,0,0,0,0,0,0,13,0,0,97,Southwest_Monsoon,158,24.8,77,1,Unfavorable,Easter_Aftermath,0,1,0,0,238
2019-05-09,2019-05-15,2019,5,20,2,Normal,0,0.28,0,0,0,0,0,0,0,0,0,0,0,9,0,0,90,Southwest_Monsoon,151,25.3,81,1,Unfavorable,Easter_Aftermath,0,1,0,0,235
2019-05-16,2019-05-22,2019,5,21,2,Vesak,6,0.448,0,0,0,0,0,1,0,0,0,0,1,2,0,1,83,Southwest_Monsoon,157,25.4,80,1,Unfavorable,Easter_Aftermath,0,1,0,0,408
2019-05-23,2019-05-29,2019,5,22,2,Normal,0,0.28,0,0,0,0,0,0,0,0,0,0,0,5,0,0,76,Southwest_Monsoon,153,24.8,83,1,Unfavorable,Easter_Aftermath,0,1,0,0,242
2019-05-30,2019-06-05,2019,5,23,2,Normal,0,0.28,0,0,0,0,0,0,0,0,0,0,0,12,0,0,69,Southwest_Monsoon,156,25.4,83,1,Unfavorable,Easter_Aftermath,0,1,0,0,242
2019-06-06,2019-06-12,2019,6,24,2,Normal,0,0.4,0,0,0,0,0,0,0,0,0,0,0,11,0,0,62,Southwest_Monsoon,159,24.1,82,1,Unfavorable,Easter_Recovery,0,1,0,0,331
2019-06-13,2019-06-19,2019,6,25,2,Normal,0,0.4,0,0,0,0,0,0,0,0,0,0,0,4,0,0,55,Southwest_Monsoon,165,23.5,86,1,Unfavorable,Easter_Recovery,0,1,0,0,359
2019-06-20,2019-06-26,2019,6,26,2,Poson_Perahera,7,0.8,0,0,0,0,1,0,0,0,0,0,1,3,0,1,48,Southwest_Monsoon,164,23.9,86,1,Unfavorable,Easter_Recovery,0,1,0,0,686
2019-06-27,2019-07-03,2019,6,27,2,Normal,0,0.4,0,0,0,0,0,0,0,0,0,0,0,10,0,0,41,Southwest_Monsoon,156,24.0,81,1,Unfavorable,Easter_Recovery,0,1,0,0,356
2019-07-04,2019-07-10,2019,7,28,3,Normal,0,1.0,0,0,0,0,0,0,0,0,0,0,0,12,0,0,34,Southwest_Monsoon,142,23.4,86,1,Moderate,None,0,0,0,1,821
2019-07-11,2019-07-17,2019,7,29,3,Normal,0,1.0,0,0,0,0,0,0,0,0,0,0,0,5,0,0,27,Southwest_Monsoon,135,23.0,83,1,Moderate,None,0,0,0,1,896
2019-07-18,2019-07-24,2019,7,30,3,August_Buildup,3,1.2,0,0,0,1,0,0,0,0,0,0,1,2,0,1,20,Southwest_Monsoon,136,22.9,85,1,Moderate,None,0,0,0,1,972
2019-07-25,2019-07-31,2019,7,31,3,Esala_Prep,6,1.7,0,1,0,0,0,0,0,0,0,0,0,9,0,1,13,Southwest_Monsoon,134,23.0,82,1,Moderate,None,0,0,0,1,1544
2019-08-01,2019-08-07,2019,8,32,3,Esala_Prep,6,1.7,0,1,0,0,0,0,0,0,0,0,0,14,1,1,6,Southwest_Monsoon,134,23.1,85,1,Moderate,None,0,0,0,1,1434
2019-08-08,2019-08-14,2019,8,33,3,Esala_Perahera,10,2.8,1,0,0,0,0,0,0,0,0,0,0,7,1,1,382,Southwest_Monsoon,134,23.5,84,1,Moderate,None,0,0,0,1,2358
2019-08-15,2019-08-21,2019,8,34,3,Esala_Perahera,10,2.8,1,0,0,0,0,0,0,0,0,0,1,0,1,1,375,Southwest_Monsoon,137,23.4,79,1,Moderate,None,0,0,0,1,2471
2019-08-22,2019-08-28,2019,8,35,3,Esala_Post,4,1.3,0,0,1,0,0,0,0,0,0,0,0,7,0,1,368,Southwest_Monsoon,129,23.1,81,1,Moderate,None,0,0,0,1,1134
2019-08-29,2019-09-04,2019,8,36,3,Normal,0,1.0,0,0,0,0,0,0,0,0,0,0,0,14,0,0,361,Southwest_Monsoon,124,22.9,79,1,Moderate,None,0,0,0,1,911
2019-09-05,2019-09-11,2019,9,37,3,Normal,0,1.0,0,0,0,0,0,0,0,0,0,0,0,9,0,0,354,Southwest_Monsoon,115,23.9,83,1,Moderate,None,0,0,0,1,887
2019-09-12,2019-09-18,2019,9,38,3,Monthly_Poya,2,1.15,0,0,0,0,0,0,0,0,0,0,1,2,0,1,347,Southwest_Monsoon,112,23.5,84,1,Moderate,None,0,0,0,1,965
2019-09-19,2019-09-25,2019,9,39,3,Normal,0,1.0,0,0,0,0,0,0,0,0,0,0,0,5,0,0,340,Southwest_Monsoon,123,23.9,79,1,Moderate,None,0,0,0,1,814
2019-09-26,2019-10-02,2019,9,40,3,Normal,0,1.0,0,0,0,0,0,0,0,0,0,0,0,12,0,0,333,Southwest_Monsoon,125,24.1,84,1,Moderate,None,0,0,0,1,834
2019-10-03,2019-10-09,2019,10,41,4,Normal,0,1.0,0,0,0,0,0,0,0,0,0,0,0,10,0,0,326,Inter_Monsoon,157,23.6,86,0,Moderate,None,0,0,0,1,827
2019-10-10,2019-10-16,2019,10,42,4,Monthly_Poya,2,1.15,0,0,0,0,0,0,0,0,0,0,1,3,0,1,319,Inter_Monsoon,159,24.0,84,0,Moderate,None,0,0,0,1,975
2019-10-17,2019-10-23,2019,10,43,4,Normal,0,1.0,0,0,0,0,0,0,0,0,0,0,0,4,0,0,312,Inter_Monsoon,166,24.1,83,0,Moderate,None,0,0,0,1,823
2019-10-24,2019-10-30,2019,10,44,4,Normal,0,1.0,0,0,0,0,0,0,0,0,0,0,0,11,0,0,305,Inter_Monsoon,152,24.4,83,0,Moderate,None,0,0,0,1,835
2019-10-31,2019-11-06,2019,10,45,4,Normal,0,1.0,0,0,0,0,0,0,0,0,0,0,0,12,0,0,298,Inter_Monsoon,157,23.6,82,0,Moderate,None,0,0,0,1,901
2019-11-07,2019-11-13,2019,11,46,4,Normal,0,1.0,0,0,0,0,0,0,0,0,0,0,0,5,0,0,291,Inter_Monsoon,131,24.1,82,0,Favorable,None,0,0,0,1,910
2019-11-14,2019-11-20,2019,11,47,4,Monthly_Poya,2,1.15,0,0,0,0,0,0,0,0,0,0,1,2,0,1,284,Inter_Monsoon,136,24.3,80,0,Favorable,None,0,0,0,1,1012
2019-11-21,2019-11-27,2019,11,48,4,Normal,0,1.0,0,0,0,0,0,0,0,0,0,0,0,9,0,0,277,Inter_Monsoon,137,23.6,82,0,Favorable,None,0,0,0,1,912
2019-11-28,2019-12-04,2019,11,49,4,Normal,0,1.0,0,0,0,0,0,0,0,0,0,0,0,14,0,0,270,Inter_Monsoon,131,24.5,81,0,Favorable,None,0,0,0,1,867
2019-12-05,2019-12-11,2019,12,50,4,Normal,0,1.0,0,0,0,0,0,0,0,0,0,0,0,7,0,0,263,Northeast_Monsoon,84,23.8,77,0,Favorable,None,0,0,0,1,811
2019-12-12,2019-12-18,2019,12,51,4,Monthly_Poya,2,1.15,0,0,0,0,0,0,0,0,0,0,1,0,1,1,256,Northeast_Monsoon,73,24.4,78,0,Favorable,None,0,0,0,1,1032
2019-12-19,2019-12-25,2019,12,52,4,Normal,0,1.1,0,0,0,0,0,0,0,0,0,0,0,7,1,0,249,Northeast_Monsoon,81,24.3,74,0,Favorable,None,0,0,0,1,946
2019-12-26,2020-01-01,2019,12,1,4,Christmas_New_Year,6,1.6,0,0,0,0,0,0,0,1,0,0,0,14,1,1,242,Northeast_Monsoon,83,23.7,74,0,Favorable,None,0,0,0,1,1394
2020-01-02,2020-01-08,2020,1,2,1,Normal,0,1.1,0,0,0,0,0,0,0,0,0,0,0,8,1,0,235,Northeast_Monsoon,26,24.1,74,0,Favorable,None,0,0,0,1,56
2020-01-09,2020-01-15,2020,1,3,1,Monthly_Poya,2,1.15,0,0,0,0,0,0,0,0,0,0,1,1,1,1,228,Northeast_Monsoon,31,24.3,69,0,Favorable,None,0,0,0,1,59
2020-01-16,2020-01-22,2020,1,4,1,Thai_Pongal,3,1.2,0,0,0,0,0,0,0,0,0,1,0,6,0,1,221,Northeast_Monsoon,26,23.6,71,0,Favorable,None,0,0,0,1,61
2020-01-23,2020-01-29,2020,1,5,1,Normal,0,1.0,0,0,0,0,0,0,0,0,0,0,0,13,0,0,214,Northeast_Monsoon,35,23.7,70,0,Favorable,None,0,0,0,1,49
2020-01-30,2020-02-05,2020,1,6,1,Normal,0,1.0,0,0,0,0,0,0,0,0,0,0,0,10,0,0,207,Northeast_Monsoon,33,24.0,71,0,Favorable,None,0,0,0,1,52
2020-02-06,2020-02-12,2020,2,7,1,Monthly_Poya,2,1.15,0,0,0,0,0,0,0,0,0,0,1,3,0,1,200,Dry_Hot,40,25.4,70,0,Favorable,None,0,0,0,1,60
2020-02-13,2020-02-19,2020,2,8,1,Normal,0,1.0,0,0,0,0,0,0,0,0,0,0,0,4,0,0,193,Dry_Hot,41,25.2,69,0,Favorable,None,0,0,0,1,53
2020-02-20,2020-02-26,2020,2,9,1,Normal,0,1.0,0,0,0,0,0,0,0,0,0,0,0,11,0,0,186,Dry_Hot,46,25.5,68,0,Favorable,None,0,0,0,1,52
2020-02-27,2020-03-04,2020,2,10,1,Normal,0,1.0,0,0,0,0,0,0,0,0,0,0,0,11,0,0,179,Dry_Hot,39,25.4,72,0,Favorable,None,0,0,0,1,52
2020-03-05,2020-03-11,2020,3,11,1,Normal,0,0.03,0,0,0,0,0,0,0,0,0,0,0,4,0,0,172,Dry_Hot,74,26.5,71,0,Favorable,COVID_Closed,1,0,0,0,2
2020-03-12,2020-03-18,2020,3,12,1,Monthly_Poya,2,0.0345,0,0,0,0,0,0,0,0,0,0,1,3,0,1,165,Dry_Hot,64,26.3,65,0,Favorable,COVID_Closed,1,0,0,0,2
2020-03-19,2020-03-25,2020,3,13,1,Normal,0,0.03,0,0,0,0,0,0,0,0,0,0,0,10,0,0,158,Dry_Hot,65,26.0,70,0,Favorable,COVID_Closed,1,0,0,0,1
2020-03-26,2020-04-01,2020,3,14,1,Normal,0,0.03,0,0,0,0,0,0,0,0,0,0,0,12,0,0,151,Dry_Hot,70,26.1,71,0,Favorable,COVID_Closed,1,0,0,0,2
2020-04-02,2020-04-08,2020,4,15,2,Normal,0,0.033,0,0,0,0,0,0,0,0,0,0,0,5,1,0,144,Transitional,103,25.6,70,0,Moderate,COVID_Closed,1,0,0,0,2
2020-04-09,2020-04-15,2020,4,16,2,Monthly_Poya,2,0.0345,0,0,0,0,0,0,0,0,0,0,1,2,1,1,137,Transitional,102,26.4,70,0,Moderate,COVID_Closed,1,0,0,0,2
2020-04-16,2020-04-22,2020,4,17,2,Sinhala_Tamil_New_Year,5,0.045,0,0,0,0,0,0,1,0,0,0,0,9,1,1,130,Transitional,106,26.4,71,0,Moderate,COVID_Closed,1,0,0,0,2
2020-04-23,2020-04-29,2020,4,18,2,Normal,0,0.03,0,0,0,0,0,0,0,0,0,0,0,14,0,0,123,Transitional,95,25.6,69,0,Moderate,COVID_Closed,1,0,0,0,2
2020-04-30,2020-05-06,2020,4,19,2,Normal,0,0.03,0,0,0,0,0,0,0,0,0,0,0,7,0,0,116,Transitional,107,25.6,70,0,Moderate,COVID_Closed,1,0,0,0,1
2020-05-07,2020-05-13,2020,5,20,2,Vesak,6,0.048,0,0,0,0,0,1,0,0,0,0,1,0,0,1,109,Southwest_Monsoon,146,24.9,79,1,Unfavorable,COVID_Closed,1,0,0,0,3
2020-05-14,2020-05-20,2020,5,21,2,Normal,0,0.03,0,0,0,0,0,0,0,0,0,0,0,7,0,0,102,Southwest_Monsoon,155,25.1,82,1,Unfavorable,COVID_Closed,1,0,0,0,2
2020-05-21,2020-05-27,2020,5,22,2,Normal,0,0.03,0,0,0,0,0,0,0,0,0,0,0,14,0,0,95,Southwest_Monsoon,155,25.2,83,1,Unfavorable,COVID_Closed,1,0,0,0,1
2020-05-28,2020-06-03,2020,5,23,2,Normal,0,0.03,0,0,0,0,0,0,0,0,0,0,0,8,0,0,88,Southwest_Monsoon,155,25.4,79,1,Unfavorable,COVID_Closed,1,0,0,0,1
2020-06-04,2020-06-10,2020,6,24,2,Poson_Perahera,7,0.06,0,0,0,0,1,0,0,0,0,0,1,1,0,1,81,Southwest_Monsoon,163,23.7,84,1,Unfavorable,COVID_Closed,1,0,0,0,3
2020-06-11,2020-06-17,2020,6,25,2,Normal,0,0.03,0,0,0,0,0,0,0,0,0,0,0,6,0,0,74,Southwest_Monsoon,163,23.6,86,1,Unfavorable,COVID_Closed,1,0,0,0,2
2020-06-18,2020-06-24,2020,6,26,2,Normal,0,0.03,0,0,0,0,0,0,0,0,0,0,0,13,0,0,67,Southwest_Monsoon,163,23.6,83,1,Unfavorable,COVID_Closed,1,0,0,0,1
2020-06-25,2020-07-01,2020,6,27,2,Normal,0,0.03,0,0,0,0,0,0,0,0,0,0,0,10,0,0,60,Southwest_Monsoon,155,24.4,87,1,Unfavorable,COVID_Closed,1,0,0,0,1
2020-07-02,2020-07-08,2020,7,28,3,Monthly_Poya,2,0.0345,0,0,0,0,0,0,0,0,0,0,1,3,0,1,53,Southwest_Monsoon,138,23.1,84,1,Moderate,COVID_Closed,1,0,0,0,2
2020-07-09,2020-07-15,2020,7,29,3,Normal,0,0.03,0,0,0,0,0,0,0,0,0,0,0,4,0,0,46,Southwest_Monsoon,133,23.3,81,1,Moderate,COVID_Closed,1,0,0,0,2
2020-07-16,2020-07-22,2020,7,30,3,Normal,0,0.03,0,0,0,0,0,0,0,0,0,0,0,11,0,0,39,Southwest_Monsoon,138,22.6,86,1,Moderate,COVID_Closed,1,0,0,0,2
2020-07-23,2020-07-29,2020,7,31,3,Normal,0,0.03,0,0,0,0,0,0,0,0,0,0,0,11,0,0,32,Southwest_Monsoon,138,23.3,81,1,Moderate,COVID_Closed,1,0,0,0,2
2020-07-30,2020-08-05,2020,7,32,3,Normal,0,0.03,0,0,0,0,0,0,0,0,0,0,0,4,0,0,25,Southwest_Monsoon,136,23.3,84,1,Moderate,COVID_Closed,1,0,0,0,1
2020-08-06,2020-08-12,2020,8,33,3,August_Buildup,3,0.036,0,0,0,1,0,0,0,0,0,0,1,3,1,1,18,Southwest_Monsoon,126,23.5,83,1,Moderate,COVID_Closed,1,0,0,0,2
2020-08-13,2020-08-19,2020,8,34,3,Esala_Prep,6,0.051,0,1,0,0,0,0,0,0,0,0,0,10,1,1,11,Southwest_Monsoon,127,22.6,85,1,Moderate,COVID_Closed,1,0,0,0,2
2020-08-20,2020-08-26,2020,8,35,3,Esala_Prep,6,0.051,0,1,0,0,0,0,0,0,0,0,0,13,1,1,4,Southwest_Monsoon,122,22.9,85,1,Moderate,COVID_Closed,1,0,0,0,2
2020-08-27,2020-09-02,2020,8,36,3,Esala_Perahera,10,0.084,1,0,0,0,0,0,0,0,0,0,0,6,0,1,351,Southwest_Monsoon,132,22.5,81,1,Moderate,COVID_Closed,1,0,0,0,4
2020-09-03,2020-09-09,2020,9,37,3,Esala_Post,4,0.039,0,0,1,0,0,0,0,0,0,0,1,1,0,1,344,Southwest_Monsoon,125,24.0,83,1,Moderate,COVID_Closed,1,0,0,0,2
2020-09-10,2020-09-16,2020,9,38,3,Normal,0,0.03,0,0,0,0,0,0,0,0,0,0,0,8,0,0,337,Southwest_Monsoon,126,24.3,82,1,Moderate,COVID_Closed,1,0,0,0,1
2020-09-17,2020-09-23,2020,9,39,3,Normal,0,0.03,0,0,0,0,0,0,0,0,0,0,0,14,0,0,330,Southwest_Monsoon,126,24.0,82,1,Moderate,COVID_Closed,1,0,0,0,2
2020-09-24,2020-09-30,2020,9,40,3,Normal,0,0.03,0,0,0,0,0,0,0,0,0,0,0,7,0,0,323,Southwest_Monsoon,128,23.8,83,1,Moderate,COVID_Closed,1,0,0,0,1
2020-10-01,2020-10-07,2020,10,41,4,Monthly_Poya,2,0.0345,0,0,0,0,0,0,0,0,0,0,1,0,0,1,316,Inter_Monsoon,153,24.5,86,0,Moderate,COVID_Closed,1,0,0,0,2
2020-10-08,2020-10-14,2020,10,42,4,Normal,0,0.03,0,0,0,0,0,0,0,0,0,0,0,7,0,0,309,Inter_Monsoon,155,24.0,83,0,Moderate,COVID_Closed,1,0,0,0,1
2020-10-15,2020-10-21,2020,10,43,4,Normal,0,0.03,0,0,0,0,0,0,0,0,0,0,0,14,0,0,302,Inter_Monsoon,154,23.8,81,0,Moderate,COVID_Closed,1,0,0,0,1
2020-10-22,2020-10-28,2020,10,44,4,Normal,0,0.03,0,0,0,0,0,0,0,0,0,0,0,9,0,0,295,Inter_Monsoon,160,24.1,84,0,Moderate,COVID_Closed,1,0,0,0,1
2020-10-29,2020-11-04,2020,10,45,4,Monthly_Poya,2,0.0345,0,0,0,0,0,0,0,0,0,0,1,2,0,1,288,Inter_Monsoon,162,23.9,84,0,Moderate,COVID_Closed,1,0,0,0,2
2020-11-05,2020-11-11,2020,11,46,4,Normal,0,0.03,0,0,0,0,0,0,0,0,0,0,0,5,0,0,281,Inter_Monsoon,136,24.0,82,0,Favorable,COVID_Closed,1,0,0,0,2
2020-11-12,2020-11-18,2020,11,47,4,Normal,0,0.03,0,0,0,0,0,0,0,0,0,0,0,12,0,0,274,Inter_Monsoon,125,24.4,84,0,Favorable,COVID_Closed,1,0,0,0,1
2020-11-19,2020-11-25,2020,11,48,4,Normal,0,0.03,0,0,0,0,0,0,0,0,0,0,0,11,0,0,267,Inter_Monsoon,128,23.9,80,0,Favorable,COVID_Closed,1,0,0,0,2
2020-11-26,2020-12-02,2020,11,49,4,Normal,0,0.03,0,0,0,0,0,0,0,0,0,0,0,4,0,0,260,Inter_Monsoon,136,23.9,84,0,Favorable,COVID_Closed,1,0,0,0,1
2020-12-03,2020-12-09,2020,12,50,4,Monthly_Poya,2,0.0345,0,0,0,0,0,0,0,0,0,0,1,3,0,1,253,Northeast_Monsoon,85,23.8,75,0,Favorable,COVID_Closed,1,0,0,0,2
2020-12-10,2020-12-16,2020,12,51,4,Normal,0,0.033,0,0,0,0,0,0,0,0,0,0,0,10,1,0,246,Northeast_Monsoon,76,24.2,76,0,Favorable,COVID_Closed,1,0,0,0,2
2020-12-17,2020-12-23,2020,12,52,4,Normal,0,0.033,0,0,0,0,0,0,0,0,0,0,0,12,1,0,239,Northeast_Monsoon,74,23.6,73,0,Favorable,COVID_Closed,1,0,0,0,2
2020-12-24,2020-12-30,2020,12,1,4,Christmas_New_Year,6,0.048,0,0,0,0,0,0,0,1,0,0,0,5,1,1,232,Northeast_Monsoon,83,24.3,77,0,Favorable,COVID_Closed,1,0,0,0,2
2020-12-31,2021-01-06,2020,12,2,4,Christmas_New_Year,6,0.048,0,0,0,0,0,0,0,1,0,0,1,2,1,1,225,Northeast_Monsoon,82,24.2,76,0,Favorable,COVID_Closed,1,0,0,0,2
2021-01-07,2021-01-13,2021,1,3,1,Normal,0,0.132,0,0,0,0,0,0,0,0,0,0,0,21,1,0,218,Northeast_Monsoon,35,24.4,74,0,Favorable,COVID_Restricted,1,0,0,0,10
2021-01-14,2021-01-20,2021,1,4,1,Thai_Pongal,3,0.144,0,0,0,0,0,0,0,0,0,1,0,14,0,1,211,Northeast_Monsoon,31,24.1,71,0,Favorable,COVID_Restricted,1,0,0,0,11
2021-01-21,2021-01-27,2021,1,5,1,Normal,0,0.12,0,0,0,0,0,0,0,0,0,0,0,7,0,0,204,Northeast_Monsoon,38,23.7,74,0,Favorable,COVID_Restricted,1,0,0,0,9
2021-01-28,2021-02-03,2021,1,6,1,Monthly_Poya,2,0.138,0,0,0,0,0,0,0,0,0,0,1,0,0,1,197,Northeast_Monsoon,25,23.9,73,0,Favorable,COVID_Restricted,1,0,0,0,11
2021-02-04,2021-02-10,2021,2,7,1,Normal,0,0.12,0,0,0,0,0,0,0,0,0,0,0,7,0,0,190,Dry_Hot,40,25.1,73,0,Favorable,COVID_Restricted,1,0,0,0,9
2021-02-11,2021-02-17,2021,2,8,1,Normal,0,0.12,0,0,0,0,0,0,0,0,0,0,0,14,0,0,183,Dry_Hot,32,25.1,72,0,Favorable,COVID_Restricted,1,0,0,0,10
2021-02-18,2021-02-24,2021,2,9,1,Normal,0,0.12,0,0,0,0,0,0,0,0,0,0,0,9,0,0,176,Dry_Hot,40,24.5,69,0,Favorable,COVID_Restricted,1,0,0,0,10
2021-02-25,2021-03-03,2021,2,10,1,Monthly_Poya,2,0.138,0,0,0,0,0,0,0,0,0,0,1,2,0,1,169,Dry_Hot,41,25.4,69,0,Favorable,COVID_Restricted,1,0,0,0,11
2021-03-04,2021-03-10,2021,3,11,1,Normal,0,0.12,0,0,0,0,0,0,0,0,0,0,0,5,0,0,162,Dry_Hot,66,26.1,68,0,Favorable,COVID_Restricted,1,0,0,0,9
2021-03-11,2021-03-17,2021,3,12,1,Normal,0,0.12,0,0,0,0,0,0,0,0,0,0,0,12,0,0,155,Dry_Hot,62,25.6,69,0,Favorable,COVID_Restricted,1,0,0,0,9
2021-03-18,2021-03-24,2021,3,13,1,Normal,0,0.12,0,0,0,0,0,0,0,0,0,0,0,10,0,0,148,Dry_Hot,75,26.0,66,0,Favorable,COVID_Restricted,1,0,0,0,9
2021-03-25,2021-03-31,2021,3,14,1,Monthly_Poya,2,0.138,0,0,0,0,0,0,0,0,0,0,1,3,0,1,141,Dry_Hot,72,26.3,69,0,Favorable,COVID_Restricted,1,0,0,0,11
2021-04-01,2021-04-07,2021,4,15,2,Normal,0,0.132,0,0,0,0,0,0,0,0,0,0,0,4,1,0,134,Transitional,93,25.7,75,0,Moderate,COVID_Restricted,1,0,0,0,11
2021-04-08,2021-04-14,2021,4,16,2,Normal,0,0.132,0,0,0,0,0,0,0,0,0,0,0,11,1,0,127,Transitional,94,25.8,74,0,Moderate,COVID_Restricted,1,0,0,0,11
2021-04-15,2021-04-21,2021,4,17,2,Sinhala_Tamil_New_Year,5,0.18,0,0,0,0,0,0,1,0,0,0,0,11,1,1,120,Transitional,106,25.9,70,0,Moderate,COVID_Restricted,1,0,0,0,14
2021-04-22,2021-04-28,2021,4,18,2,Normal,0,0.132,0,0,0,0,0,0,0,0,0,0,0,4,1,0,113,Transitional,95,25.8,69,0,Moderate,COVID_Restricted,1,0,0,0,11
2021-04-29,2021-05-05,2021,4,19,2,Monthly_Poya,2,0.138,0,0,0,0,0,0,0,0,0,0,1,3,0,1,106,Transitional,107,26.0,71,0,Moderate,COVID_Restricted,1,0,0,0,11
2021-05-06,2021-05-12,2021,5,20,2,Normal,0,0.12,0,0,0,0,0,0,0,0,0,0,0,10,0,0,99,Southwest_Monsoon,154,25.5,77,1,Unfavorable,COVID_Restricted,1,0,0,0,9
2021-05-13,2021-05-19,2021,5,21,2,Normal,0,0.12,0,0,0,0,0,0,0,0,0,0,0,13,0,0,92,Southwest_Monsoon,151,25.4,83,1,Unfavorable,COVID_Restricted,1,0,0,0,9
2021-05-20,2021-05-26,2021,5,22,2,Normal,0,0.12,0,0,0,0,0,0,0,0,0,0,0,6,0,0,85,Southwest_Monsoon,150,24.8,77,1,Unfavorable,COVID_Restricted,1,0,0,0,9
2021-05-27,2021-06-02,2021,5,23,2,Vesak,6,0.192,0,0,0,0,0,1,0,0,0,0,1,1,0,1,78,Southwest_Monsoon,155,24.7,80,1,Unfavorable,COVID_Restricted,1,0,0,0,14
2021-06-03,2021-06-09,2021,6,24,2,Normal,0,0.12,0,0,0,0,0,0,0,0,0,0,0,8,0,0,71,Southwest_Monsoon,159,24.0,87,1,Unfavorable,COVID_Restricted,1,0,0,0,10
2021-06-10,2021-06-16,2021,6,25,2,Normal,0,0.12,0,0,0,0,0,0,0,0,0,0,0,14,0,0,64,Southwest_Monsoon,163,23.6,87,1,Unfavorable,COVID_Restricted,1,0,0,0,10
2021-06-17,2021-06-23,2021,6,26,2,Normal,0,0.12,0,0,0,0,0,0,0,0,0,0,0,7,0,0,57,Southwest_Monsoon,165,23.5,81,1,Unfavorable,COVID_Restricted,1,0,0,0,10
2021-06-24,2021-06-30,2021,6,27,2,Poson_Perahera,7,0.24,0,0,0,0,1,0,0,0,0,0,1,0,0,1,50,Southwest_Monsoon,165,24.1,86,1,Unfavorable,COVID_Restricted,1,0,0,0,20
2021-07-01,2021-07-07,2021,7,28,3,Normal,0,0.12,0,0,0,0,0,0,0,0,0,0,0,7,0,0,43,Southwest_Monsoon,141,22.6,80,1,Moderate,COVID_Restricted,1,0,0,0,10
2021-07-08,2021-07-14,2021,7,29,3,Normal,0,0.12,0,0,0,0,0,0,0,0,0,0,0,14,0,0,36,Southwest_Monsoon,137,23.3,84,1,Moderate,COVID_Restricted,1,0,0,0,10
2021-07-15,2021-07-21,2021,7,30,3,Normal,0,0.12,0,0,0,0,0,0,0,0,0,0,0,8,0,0,29,Southwest_Monsoon,143,22.6,86,1,Moderate,COVID_Restricted,1,0,0,0,10
2021-07-22,2021-07-28,2021,7,31,3,Monthly_Poya,2,0.138,0,0,0,0,0,0,0,0,0,0,1,1,0,1,22,Southwest_Monsoon,145,23.1,84,1,Moderate,COVID_Restricted,1,0,0,0,11
2021-07-29,2021-08-04,2021,7,32,3,August_Buildup,3,0.144,0,0,0,1,0,0,0,0,0,0,0,6,0,1,15,Southwest_Monsoon,141,23.2,81,1,Moderate,COVID_Restricted,1,0,0,0,11
2021-08-05,2021-08-11,2021,8,33,3,Esala_Prep,6,0.204,0,1,0,0,0,0,0,0,0,0,0,13,1,1,8,Southwest_Monsoon,127,22.6,84,1,Moderate,COVID_Restricted,1,0,0,0,16
2021-08-12,2021-08-18,2021,8,34,3,Esala_Prep,6,0.204,0,1,0,0,0,0,0,0,0,0,0,10,1,1,1,Southwest_Monsoon,138,22.7,85,1,Moderate,COVID_Restricted,1,0,0,0,16
2021-08-19,2021-08-25,2021,8,35,3,Esala_Perahera,10,0.336,1,0,0,0,0,0,0,0,0,0,1,3,1,1,348,Southwest_Monsoon,126,22.7,80,1,Moderate,COVID_Restricted,1,0,0,0,26
2021-08-26,2021-09-01,2021,8,36,3,Esala_Post,4,0.156,0,0,1,0,0,0,0,0,0,0,0,4,0,1,341,Southwest_Monsoon,127,23.1,85,1,Moderate,COVID_Restricted,1,0,0,0,12
2021-09-02,2021-09-08,2021,9,37,3,Normal,0,0.12,0,0,0,0,0,0,0,0,0,0,0,11,0,0,334,Southwest_Monsoon,114,23.7,84,1,Moderate,COVID_Restricted,1,0,0,0,10
2021-09-09,2021-09-15,2021,9,38,3,Normal,0,0.12,0,0,0,0,0,0,0,0,0,0,0,11,0,0,327,Southwest_Monsoon,126,24.3,84,1,Moderate,COVID_Restricted,1,0,0,0,10
2021-09-16,2021-09-22,2021,9,39,3,Normal,0,0.12,0,0,0,0,0,0,0,0,0,0,0,4,0,0,320,Southwest_Monsoon,122,24.4,83,1,Moderate,COVID_Restricted,1,0,0,0,10
2021-09-23,2021-09-29,2021,9,40,3,Monthly_Poya,2,0.138,0,0,0,0,0,0,0,0,0,0,1,3,0,1,313,Southwest_Monsoon,126,23.6,81,1,Moderate,COVID_Restricted,1,0,0,0,11
2021-09-30,2021-10-06,2021,9,41,3,Normal,0,0.12,0,0,0,0,0,0,0,0,0,0,0,10,0,0,306,Southwest_Monsoon,120,24.1,80,1,Moderate,COVID_Restricted,1,0,0,0,10
2021-10-07,2021-10-13,2021,10,42,4,Normal,0,0.12,0,0,0,0,0,0,0,0,0,0,0,13,0,0,299,Inter_Monsoon,161,24.0,80,0,Moderate,COVID_Restricted,1,0,0,0,10
2021-10-14,2021-10-20,2021,10,43,4,Normal,0,0.12,0,0,0,0,0,0,0,0,0,0,0,6,0,0,292,Inter_Monsoon,161,23.6,86,0,Moderate,COVID_Restricted,1,0,0,0,9
2021-10-21,2021-10-27,2021,10,44,4,Monthly_Poya,2,0.138,0,0,0,0,0,0,0,0,0,0,1,1,0,1,285,Inter_Monsoon,154,24.1,84,0,Moderate,COVID_Restricted,1,0,0,0,12
2021-10-28,2021-11-03,2021,10,45,4,Normal,0,0.12,0,0,0,0,0,0,0,0,0,0,0,8,0,0,278,Inter_Monsoon,153,23.9,86,0,Moderate,COVID_Restricted,1,0,0,0,9
2021-11-04,2021-11-10,2021,11,46,4,Deepavali,4,1.2,0,0,0,0,0,0,0,0,1,0,0,15,0,1,271,Inter_Monsoon,128,23.8,82,0,Favorable,None,0,0,0,1,97
2021-11-11,2021-11-17,2021,11,47,4,Normal,0,1.0,0,0,0,0,0,0,0,0,0,0,0,8,0,0,264,Inter_Monsoon,123,24.0,85,0,Favorable,None,0,0,0,1,80
2021-11-18,2021-11-24,2021,11,48,4,Monthly_Poya,2,1.15,0,0,0,0,0,0,0,0,0,0,1,1,0,1,257,Inter_Monsoon,132,24.5,79,0,Favorable,None,0,0,0,1,96
2021-11-25,2021-12-01,2021,11,49,4,Normal,0,1.0,0,0,0,0,0,0,0,0,0,0,0,6,0,0,250,Inter_Monsoon,127,23.5,84,0,Favorable,None,0,0,0,1,80
2021-12-02,2021-12-08,2021,12,50,4,Normal,0,1.0,0,0,0,0,0,0,0,0,0,0,0,13,0,0,243,Northeast_Monsoon,86,24.0,77,0,Favorable,None,0,0,0,1,79
2021-12-09,2021-12-15,2021,12,51,4,Normal,0,1.0,0,0,0,0,0,0,0,0,0,0,0,9,0,0,236,Northeast_Monsoon,83,24.4,76,0,Favorable,None,0,0,0,1,77
2021-12-16,2021-12-22,2021,12,52,4,Monthly_Poya,2,1.15,0,0,0,0,0,0,0,0,0,0,1,2,1,1,229,Northeast_Monsoon,82,24.2,73,0,Favorable,None,0,0,0,1,91
2021-12-23,2021-12-29,2021,12,1,4,Christmas_New_Year,6,1.6,0,0,0,0,0,0,0,1,0,0,0,5,1,1,222,Northeast_Monsoon,82,23.6,73,0,Favorable,None,0,0,0,1,132
2021-12-30,2022-01-05,2021,12,2,4,Christmas_New_Year,6,1.6,0,0,0,0,0,0,0,1,0,0,0,12,1,1,215,Northeast_Monsoon,84,23.8,78,0,Favorable,None,0,0,0,1,129
2022-01-06,2022-01-12,2022,1,3,1,Normal,0,0.66,0,0,0,0,0,0,0,0,0,0,0,11,1,0,208,Northeast_Monsoon,26,23.8,73,0,Favorable,Economic_Crisis_Onset,0,0,1,0,344
2022-01-13,2022-01-19,2022,1,4,1,Thai_Pongal,3,0.72,0,0,0,0,0,0,0,0,0,1,0,4,0,1,201,Northeast_Monsoon,33,23.8,74,0,Favorable,Economic_Crisis_Onset,0,0,1,0,367
2022-01-20,2022-01-26,2022,1,5,1,Monthly_Poya,2,0.69,0,0,0,0,0,0,0,0,0,0,1,3,0,1,194,Northeast_Monsoon,34,23.6,74,0,Favorable,Economic_Crisis_Onset,0,0,1,0,353
2022-01-27,2022-02-02,2022,1,6,1,Normal,0,0.6,0,0,0,0,0,0,0,0,0,0,0,10,0,0,187,Northeast_Monsoon,31,24.1,74,0,Favorable,Economic_Crisis_Onset,0,0,1,0,316
2022-02-03,2022-02-09,2022,2,7,1,Normal,0,0.6,0,0,0,0,0,0,0,0,0,0,0,13,0,0,180,Dry_Hot,36,25.2,73,0,Favorable,Economic_Crisis_Onset,0,0,1,0,310
2022-02-10,2022-02-16,2022,2,8,1,Normal,0,0.6,0,0,0,0,0,0,0,0,0,0,0,6,0,0,173,Dry_Hot,48,24.6,72,0,Favorable,Economic_Crisis_Onset,0,0,1,0,316
2022-02-17,2022-02-23,2022,2,9,1,Monthly_Poya,2,0.69,0,0,0,0,0,0,0,0,0,0,1,1,0,1,166,Dry_Hot,43,24.5,69,0,Favorable,Economic_Crisis_Onset,0,0,1,0,342
2022-02-24,2022-03-02,2022,2,10,1,Normal,0,0.6,0,0,0,0,0,0,0,0,0,0,0,8,0,0,159,Dry_Hot,38,24.8,73,0,Favorable,Economic_Crisis_Onset,0,0,1,0,288
2022-03-03,2022-03-09,2022,3,11,1,Normal,0,0.6,0,0,0,0,0,0,0,0,0,0,0,15,0,0,152,Dry_Hot,69,26.5,66,0,Favorable,Economic_Crisis_Onset,0,0,1,0,300
2022-03-10,2022-03-16,2022,3,12,1,Normal,0,0.6,0,0,0,0,0,0,0,0,0,0,0,8,0,0,145,Dry_Hot,65,26.0,69,0,Favorable,Economic_Crisis_Onset,0,0,1,0,285
2022-03-17,2022-03-23,2022,3,13,1,Monthly_Poya,2,0.69,0,0,0,0,0,0,0,0,0,0,1,1,0,1,138,Dry_Hot,78,25.5,67,0,Favorable,Economic_Crisis_Onset,0,0,1,0,359
2022-03-24,2022-03-30,2022,3,14,1,Normal,0,0.6,0,0,0,0,0,0,0,0,0,0,0,6,0,0,131,Dry_Hot,66,26.1,66,0,Favorable,Economic_Crisis_Onset,0,0,1,0,314
2022-03-31,2022-04-06,2022,3,15,1,Normal,0,0.6,0,0,0,0,0,0,0,0,0,0,0,13,0,0,124,Dry_Hot,67,26.2,65,0,Favorable,Economic_Crisis_Onset,0,0,1,0,288
2022-04-07,2022-04-13,2022,4,16,2,Normal,0,0.55,0,0,0,0,0,0,0,0,0,0,0,9,1,0,117,Transitional,99,26.5,73,0,Moderate,Economic_Crisis_Peak,0,0,1,0,272
2022-04-14,2022-04-20,2022,4,17,2,Sinhala_Tamil_New_Year,5,0.75,0,0,0,0,0,0,1,0,0,0,1,2,1,1,110,Transitional,106,25.7,70,0,Moderate,Economic_Crisis_Peak,0,0,1,0,365
2022-04-21,2022-04-27,2022,4,18,2,Normal,0,0.55,0,0,0,0,0,0,0,0,0,0,0,5,1,0,103,Transitional,107,26.4,70,0,Moderate,Economic_Crisis_Peak,0,0,1,0,269
2022-04-28,2022-05-04,2022,4,19,2,Normal,0,0.5,0,0,0,0,0,0,0,0,0,0,0,12,0,0,96,Transitional,106,26.0,71,0,Moderate,Economic_Crisis_Peak,0,0,1,0,246
2022-05-05,2022-05-11,2022,5,20,2,Normal,0,0.5,0,0,0,0,0,0,0,0,0,0,0,11,0,0,89,Southwest_Monsoon,158,25.0,78,1,Unfavorable,Economic_Crisis_Peak,0,0,1,0,258
2022-05-12,2022-05-18,2022,5,21,2,Normal,0,0.5,0,0,0,0,0,0,0,0,0,0,0,4,0,0,82,Southwest_Monsoon,146,25.4,77,1,Unfavorable,Economic_Crisis_Peak,0,0,1,0,260
2022-05-19,2022-05-25,2022,5,22,2,Monthly_Poya,2,0.575,0,0,0,0,0,0,0,0,0,0,1,3,0,1,75,Southwest_Monsoon,153,25.1,77,1,Unfavorable,Economic_Crisis_Peak,0,0,1,0,292
2022-05-26,2022-06-01,2022,5,23,2,Normal,0,0.5,0,0,0,0,0,0,0,0,0,0,0,10,0,0,68,Southwest_Monsoon,158,25.4,79,1,Unfavorable,Economic_Crisis_Peak,0,0,1,0,256
2022-06-02,2022-06-08,2022,6,24,2,Normal,0,0.5,0,0,0,0,0,0,0,0,0,0,0,12,0,0,61,Southwest_Monsoon,157,23.8,85,1,Unfavorable,Economic_Crisis_Peak,0,0,1,0,238
2022-06-09,2022-06-15,2022,6,25,2,Normal,0,0.5,0,0,0,0,0,0,0,0,0,0,0,5,0,0,54,Southwest_Monsoon,165,23.6,82,1,Unfavorable,Economic_Crisis_Peak,0,0,1,0,239
2022-06-16,2022-06-22,2022,6,26,2,Poson_Perahera,7,1.0,0,0,0,0,1,0,0,0,0,0,1,2,0,1,47,Southwest_Monsoon,163,24.4,84,1,Unfavorable,Economic_Crisis_Peak,0,0,1,0,519
2022-06-23,2022-06-29,2022,6,27,2,Normal,0,0.5,0,0,0,0,0,0,0,0,0,0,0,9,0,0,40,Southwest_Monsoon,168,23.9,84,1,Unfavorable,Economic_Crisis_Peak,0,0,1,0,237
2022-06-30,2022-07-06,2022,6,28,2,Normal,0,0.5,0,0,0,0,0,0,0,0,0,0,0,13,0,0,33,Southwest_Monsoon,163,23.7,83,1,Unfavorable,Economic_Crisis_Peak,0,0,1,0,265
2022-07-07,2022-07-13,2022,7,29,3,Normal,0,0.5,0,0,0,0,0,0,0,0,0,0,0,6,0,0,26,Southwest_Monsoon,142,23.3,81,1,Moderate,Economic_Crisis_Peak,0,0,1,0,263
2022-07-14,2022-07-20,2022,7,30,3,August_Buildup,3,0.6,0,0,0,1,0,0,0,0,0,0,1,1,0,1,19,Southwest_Monsoon,147,23.2,81,1,Moderate,Economic_Crisis_Peak,0,0,1,0,283
2022-07-21,2022-07-27,2022,7,31,3,Esala_Prep,6,0.85,0,1,0,0,0,0,0,0,0,0,0,8,0,1,12,Southwest_Monsoon,147,22.9,80,1,Moderate,Economic_Crisis_Peak,0,0,1,0,438
2022-07-28,2022-08-03,2022,7,32,3,Esala_Prep,6,0.85,0,1,0,0,0,0,0,0,0,0,0,15,0,1,5,Southwest_Monsoon,132,22.8,86,1,Moderate,Economic_Crisis_Peak,0,0,1,0,446
2022-08-04,2022-08-10,2022,8,33,3,Esala_Perahera,10,1.4,1,0,0,0,0,0,0,0,0,0,0,8,1,1,382,Southwest_Monsoon,138,22.9,85,1,Moderate,Economic_Crisis_Peak,0,0,1,0,671
2022-08-11,2022-08-17,2022,8,34,3,Esala_Perahera,10,1.4,1,0,0,0,0,0,0,0,0,0,1,1,1,1,375,Southwest_Monsoon,131,22.6,80,1,Moderate,Economic_Crisis_Peak,0,0,1,0,682
2022-08-18,2022-08-24,2022,8,35,3,Esala_Post,4,0.65,0,0,1,0,0,0,0,0,0,0,0,6,1,1,368,Southwest_Monsoon,136,22.6,85,1,Moderate,Economic_Crisis_Peak,0,0,1,0,322
2022-08-25,2022-08-31,2022,8,36,3,Normal,0,0.5,0,0,0,0,0,0,0,0,0,0,0,13,0,0,361,Southwest_Monsoon,122,23.1,83,1,Moderate,Economic_Crisis_Peak,0,0,1,0,262
2022-09-01,2022-09-07,2022,9,37,3,Normal,0,0.65,0,0,0,0,0,0,0,0,0,0,0,9,0,0,354,Southwest_Monsoon,116,23.8,78,1,Moderate,Economic_Crisis_Recovery,0,0,1,0,315
2022-09-08,2022-09-14,2022,9,38,3,Monthly_Poya,2,0.7475,0,0,0,0,0,0,0,0,0,0,1,2,0,1,347,Southwest_Monsoon,119,24.1,79,1,Moderate,Economic_Crisis_Recovery,0,0,1,0,379
2022-09-15,2022-09-21,2022,9,39,3,Normal,0,0.65,0,0,0,0,0,0,0,0,0,0,0,5,0,0,340,Southwest_Monsoon,114,24.0,80,1,Moderate,Economic_Crisis_Recovery,0,0,1,0,331
2022-09-22,2022-09-28,2022,9,40,3,Normal,0,0.65,0,0,0,0,0,0,0,0,0,0,0,12,0,0,333,Southwest_Monsoon,128,24.0,84,1,Moderate,Economic_Crisis_Recovery,0,0,1,0,308
2022-09-29,2022-10-05,2022,9,41,3,Normal,0,0.65,0,0,0,0,0,0,0,0,0,0,0,10,0,0,326,Southwest_Monsoon,112,23.9,81,1,Moderate,Economic_Crisis_Recovery,0,0,1,0,344
2022-10-06,2022-10-12,2022,10,42,4,Monthly_Poya,2,0.7475,0,0,0,0,0,0,0,0,0,0,1,3,0,1,319,Inter_Monsoon,164,24.5,82,0,Moderate,Economic_Crisis_Recovery,0,0,1,0,353
2022-10-13,2022-10-19,2022,10,43,4,Normal,0,0.65,0,0,0,0,0,0,0,0,0,0,0,4,0,0,312,Inter_Monsoon,163,24.3,82,0,Moderate,Economic_Crisis_Recovery,0,0,1,0,335
2022-10-20,2022-10-26,2022,10,44,4,Normal,0,0.65,0,0,0,0,0,0,0,0,0,0,0,11,0,0,305,Inter_Monsoon,155,24.3,85,0,Moderate,Economic_Crisis_Recovery,0,0,1,0,315
2022-10-27,2022-11-02,2022,10,45,4,Normal,0,0.65,0,0,0,0,0,0,0,0,0,0,0,12,0,0,298,Inter_Monsoon,156,23.5,84,0,Moderate,Economic_Crisis_Recovery,0,0,1,0,335
2022-11-03,2022-11-09,2022,11,46,4,Normal,0,0.65,0,0,0,0,0,0,0,0,0,0,0,5,0,0,291,Inter_Monsoon,127,24.3,84,0,Favorable,Economic_Crisis_Recovery,0,0,0,0,319
2022-11-10,2022-11-16,2022,11,47,4,Monthly_Poya,2,0.7475,0,0,0,0,0,0,0,0,0,0,1,2,0,1,284,Inter_Monsoon,137,24.1,85,0,Favorable,Economic_Crisis_Recovery,0,0,0,0,372
2022-11-17,2022-11-23,2022,11,48,4,Normal,0,0.65,0,0,0,0,0,0,0,0,0,0,0,9,0,0,277,Inter_Monsoon,136,23.5,80,0,Favorable,Economic_Crisis_Recovery,0,0,0,0,311
2022-11-24,2022-11-30,2022,11,49,4,Normal,0,0.65,0,0,0,0,0,0,0,0,0,0,0,13,0,0,270,Inter_Monsoon,128,24.4,81,0,Favorable,Economic_Crisis_Recovery,0,0,0,0,307
2022-12-01,2022-12-07,2022,12,50,4,Normal,0,0.65,0,0,0,0,0,0,0,0,0,0,0,6,0,0,263,Northeast_Monsoon,88,23.9,79,0,Favorable,Economic_Crisis_Recovery,0,0,0,0,342
2022-12-08,2022-12-14,2022,12,51,4,Monthly_Poya,2,0.7475,0,0,0,0,0,0,0,0,0,0,1,1,0,1,256,Northeast_Monsoon,80,23.5,78,0,Favorable,Economic_Crisis_Recovery,0,0,0,0,376
2022-12-15,2022-12-21,2022,12,52,4,Normal,0,0.715,0,0,0,0,0,0,0,0,0,0,0,8,1,0,249,Northeast_Monsoon,83,24.4,73,0,Favorable,Economic_Crisis_Recovery,0,0,0,0,344
2022-12-22,2022-12-28,2022,12,1,4,Christmas_New_Year,6,1.04,0,0,0,0,0,0,0,1,0,0,0,15,1,1,242,Northeast_Monsoon,82,23.8,79,0,Favorable,Economic_Crisis_Recovery,0,0,0,0,543
2022-12-29,2023-01-04,2022,12,2,4,Christmas_New_Year,6,1.04,0,0,0,0,0,0,0,1,0,0,0,22,1,1,235,Northeast_Monsoon,84,24.2,76,0,Favorable,Economic_Crisis_Recovery,0,0,0,0,512
2023-01-05,2023-01-11,2023,1,3,1,Monthly_Poya,2,1.15,0,0,0,0,0,0,0,0,0,0,1,1,1,1,228,Northeast_Monsoon,27,24.0,72,0,Favorable,None,0,0,0,1,733
2023-01-12,2023-01-18,2023,1,4,1,Normal,0,1.0,0,0,0,0,0,0,0,0,0,0,0,6,0,0,221,Northeast_Monsoon,38,23.8,69,0,Favorable,None,0,0,0,1,640
2023-01-19,2023-01-25,2023,1,5,1,Normal,0,1.0,0,0,0,0,0,0,0,0,0,0,0,13,0,0,214,Northeast_Monsoon,24,23.9,75,0,Favorable,None,0,0,0,1,668
2023-01-26,2023-02-01,2023,1,6,1,Normal,0,1.0,0,0,0,0,0,0,0,0,0,0,0,10,0,0,207,Northeast_Monsoon,31,23.8,69,0,Favorable,None,0,0,0,1,625
2023-02-02,2023-02-08,2023,2,7,1,Monthly_Poya,2,1.15,0,0,0,0,0,0,0,0,0,0,1,3,0,1,200,Dry_Hot,41,24.8,71,0,Favorable,None,0,0,0,1,732
2023-02-09,2023-02-15,2023,2,8,1,Normal,0,1.0,0,0,0,0,0,0,0,0,0,0,0,4,0,0,193,Dry_Hot,37,25.2,69,0,Favorable,None,0,0,0,1,667
2023-02-16,2023-02-22,2023,2,9,1,Normal,0,1.0,0,0,0,0,0,0,0,0,0,0,0,11,0,0,186,Dry_Hot,43,25.1,70,0,Favorable,None,0,0,0,1,646
2023-02-23,2023-03-01,2023,2,10,1,Normal,0,1.0,0,0,0,0,0,0,0,0,0,0,0,12,0,0,179,Dry_Hot,33,24.6,72,0,Favorable,None,0,0,0,1,632
2023-03-02,2023-03-08,2023,3,11,1,Normal,0,1.0,0,0,0,0,0,0,0,0,0,0,0,5,0,0,172,Dry_Hot,78,26.3,70,0,Favorable,None,0,0,0,1,643
2023-03-09,2023-03-15,2023,3,12,1,Monthly_Poya,2,1.15,0,0,0,0,0,0,0,0,0,0,1,2,0,1,165,Dry_Hot,62,25.6,69,0,Favorable,None,0,0,0,1,717
2023-03-16,2023-03-22,2023,3,13,1,Normal,0,1.0,0,0,0,0,0,0,0,0,0,0,0,9,0,0,158,Dry_Hot,76,25.5,65,0,Favorable,None,0,0,0,1,664
2023-03-23,2023-03-29,2023,3,14,1,Normal,0,1.0,0,0,0,0,0,0,0,0,0,0,0,14,0,0,151,Dry_Hot,73,25.9,69,0,Favorable,None,0,0,0,1,629
2023-03-30,2023-04-05,2023,3,15,1,Normal,0,1.0,0,0,0,0,0,0,0,0,0,0,0,7,0,0,144,Dry_Hot,66,26.2,67,0,Favorable,None,0,0,0,1,614
2023-04-06,2023-04-12,2023,4,16,2,Monthly_Poya,2,1.15,0,0,0,0,0,0,0,0,0,0,1,0,1,1,137,Transitional,94,26.1,73,0,Moderate,None,0,0,0,1,736
2023-04-13,2023-04-19,2023,4,17,2,Sinhala_Tamil_New_Year,5,1.5,0,0,0,0,0,0,1,0,0,0,0,7,1,1,130,Transitional,102,26.1,70,0,Moderate,None,0,0,0,1,959
2023-04-20,2023-04-26,2023,4,18,2,Normal,0,1.1,0,0,0,0,0,0,0,0,0,0,0,14,1,0,123,Transitional,92,26.2,72,0,Moderate,None,0,0,0,1,755
2023-04-27,2023-05-03,2023,4,19,2,Normal,0,1.0,0,0,0,0,0,0,0,0,0,0,0,8,0,0,116,Transitional,95,25.8,71,0,Moderate,None,0,0,0,1,651
2023-05-04,2023-05-10,2023,5,20,2,Vesak,6,1.6,0,0,0,0,0,1,0,0,0,0,1,1,0,1,109,Southwest_Monsoon,148,25.5,79,1,Unfavorable,None,0,0,0,1,1065
2023-05-11,2023-05-17,2023,5,21,2,Normal,0,1.0,0,0,0,0,0,0,0,0,0,0,0,6,0,0,102,Southwest_Monsoon,157,24.7,78,1,Unfavorable,None,0,0,0,1,665
2023-05-18,2023-05-24,2023,5,22,2,Normal,0,1.0,0,0,0,0,0,0,0,0,0,0,0,13,0,0,95,Southwest_Monsoon,156,24.7,82,1,Unfavorable,None,0,0,0,1,678
2023-05-25,2023-05-31,2023,5,23,2,Normal,0,1.0,0,0,0,0,0,0,0,0,0,0,0,9,0,0,88,Southwest_Monsoon,144,25.3,83,1,Unfavorable,None,0,0,0,1,646
2023-06-01,2023-06-07,2023,6,24,2,Poson_Perahera,7,2.0,0,0,0,0,1,0,0,0,0,0,1,2,0,1,81,Southwest_Monsoon,163,24.2,85,1,Unfavorable,None,0,0,0,1,1376
2023-06-08,2023-06-14,2023,6,25,2,Normal,0,1.0,0,0,0,0,0,0,0,0,0,0,0,5,0,0,74,Southwest_Monsoon,161,24.4,86,1,Unfavorable,None,0,0,0,1,653
2023-06-15,2023-06-21,2023,6,26,2,Normal,0,1.0,0,0,0,0,0,0,0,0,0,0,0,12,0,0,67,Southwest_Monsoon,157,24.3,85,1,Unfavorable,None,0,0,0,1,666
2023-06-22,2023-06-28,2023,6,27,2,Normal,0,1.0,0,0,0,0,0,0,0,0,0,0,0,11,0,0,60,Southwest_Monsoon,158,24.3,82,1,Unfavorable,None,0,0,0,1,628
2023-06-29,2023-07-05,2023,6,28,2,Normal,0,1.0,0,0,0,0,0,0,0,0,0,0,0,4,0,0,53,Southwest_Monsoon,152,23.9,85,1,Unfavorable,None,0,0,0,1,673
2023-07-06,2023-07-12,2023,7,29,3,Monthly_Poya,2,1.15,0,0,0,0,0,0,0,0,0,0,1,3,0,1,46,Southwest_Monsoon,136,23.1,80,1,Moderate,None,0,0,0,1,736
2023-07-13,2023-07-19,2023,7,30,3,Normal,0,1.0,0,0,0,0,0,0,0,0,0,0,0,10,0,0,39,Southwest_Monsoon,144,23.5,85,1,Moderate,None,0,0,0,1,616
2023-07-20,2023-07-26,2023,7,31,3,Normal,0,1.0,0,0,0,0,0,0,0,0,0,0,0,12,0,0,32,Southwest_Monsoon,145,23.3,86,1,Moderate,None,0,0,0,1,648
2023-07-27,2023-08-02,2023,7,32,3,Normal,0,1.0,0,0,0,0,0,0,0,0,0,0,0,5,0,0,25,Southwest_Monsoon,136,23.5,85,1,Moderate,None,0,0,0,1,656
2023-08-03,2023-08-09,2023,8,33,3,August_Buildup,3,1.2,0,0,0,1,0,0,0,0,0,0,1,2,1,1,18,Southwest_Monsoon,136,23.2,81,1,Moderate,None,0,0,0,1,740
2023-08-10,2023-08-16,2023,8,34,3,Esala_Prep,6,1.7,0,1,0,0,0,0,0,0,0,0,0,9,1,1,11,Southwest_Monsoon,127,23.3,80,1,Moderate,None,0,0,0,1,1056
2023-08-17,2023-08-23,2023,8,35,3,Esala_Prep,6,1.7,0,1,0,0,0,0,0,0,0,0,0,13,1,1,4,Southwest_Monsoon,123,23.3,83,1,Moderate,None,0,0,0,1,1096
2023-08-24,2023-08-30,2023,8,36,3,Esala_Perahera,10,2.8,1,0,0,0,0,0,0,0,0,0,0,6,0,1,351,Southwest_Monsoon,127,22.7,84,1,Moderate,None,0,0,0,1,1744
2023-08-31,2023-09-06,2023,8,37,3,Esala_Post,4,1.3,0,0,1,0,0,0,0,0,0,0,1,1,0,1,344,Southwest_Monsoon,138,23.4,85,1,Moderate,None,0,0,0,1,817
2023-09-07,2023-09-13,2023,9,38,3,Normal,0,1.0,0,0,0,0,0,0,0,0,0,0,0,8,0,0,337,Southwest_Monsoon,118,24.1,82,1,Moderate,None,0,0,0,1,617
2023-09-14,2023-09-20,2023,9,39,3,Normal,0,1.0,0,0,0,0,0,0,0,0,0,0,0,15,0,0,330,Southwest_Monsoon,121,24.1,78,1,Moderate,None,0,0,0,1,632
2023-09-21,2023-09-27,2023,9,40,3,Normal,0,1.0,0,0,0,0,0,0,0,0,0,0,0,8,0,0,323,Southwest_Monsoon,117,24.1,82,1,Moderate,None,0,0,0,1,650
2023-09-28,2023-10-04,2023,9,41,3,Monthly_Poya,2,1.15,0,0,0,0,0,0,0,0,0,0,1,1,0,1,316,Southwest_Monsoon,122,24.3,82,1,Moderate,None,0,0,0,1,716
2023-10-05,2023-10-11,2023,10,42,4,Normal,0,1.0,0,0,0,0,0,0,0,0,0,0,0,6,0,0,309,Inter_Monsoon,152,23.6,85,0,Moderate,None,0,0,0,1,614
2023-10-12,2023-10-18,2023,10,43,4,Normal,0,1.0,0,0,0,0,0,0,0,0,0,0,0,13,0,0,302,Inter_Monsoon,160,24.2,86,0,Moderate,None,0,0,0,1,671
2023-10-19,2023-10-25,2023,10,44,4,Normal,0,1.0,0,0,0,0,0,0,0,0,0,0,0,9,0,0,295,Inter_Monsoon,152,24.0,85,0,Moderate,None,0,0,0,1,656
2023-10-26,2023-11-01,2023,10,45,4,Monthly_Poya,2,1.15,0,0,0,0,0,0,0,0,0,0,1,2,0,1,288,Inter_Monsoon,161,24.0,86,0,Moderate,None,0,0,0,1,752
2023-11-02,2023-11-08,2023,11,46,4,Normal,0,1.0,0,0,0,0,0,0,0,0,0,0,0,5,0,0,281,Inter_Monsoon,134,23.8,79,0,Favorable,None,0,0,0,1,674
2023-11-09,2023-11-15,2023,11,47,4,Normal,0,1.0,0,0,0,0,0,0,0,0,0,0,0,12,0,0,274,Inter_Monsoon,127,23.9,82,0,Favorable,None,0,0,0,1,665
2023-11-16,2023-11-22,2023,11,48,4,Normal,0,1.0,0,0,0,0,0,0,0,0,0,0,0,11,0,0,267,Inter_Monsoon,132,24.1,81,0,Favorable,None,0,0,0,1,647
2023-11-23,2023-11-29,2023,11,49,4,Normal,0,1.0,0,0,0,0,0,0,0,0,0,0,0,4,0,0,260,Inter_Monsoon,132,24.2,85,0,Favorable,None,0,0,0,1,678
2023-11-30,2023-12-06,2023,11,50,4,Monthly_Poya,2,1.15,0,0,0,0,0,0,0,0,0,0,1,3,0,1,253,Inter_Monsoon,134,23.6,81,0,Favorable,None,0,0,0,1,734
2023-12-07,2023-12-13,2023,12,51,4,Normal,0,1.0,0,0,0,0,0,0,0,0,0,0,0,10,0,0,246,Northeast_Monsoon,75,23.8,76,0,Favorable,None,0,0,0,1,651
2023-12-14,2023-12-20,2023,12,52,4,Normal,0,1.1,0,0,0,0,0,0,0,0,0,0,0,12,1,0,239,Northeast_Monsoon,86,23.7,73,0,Favorable,None,0,0,0,1,683
2023-12-21,2023-12-27,2023,12,1,4,Normal,0,1.1,0,0,0,0,0,0,0,0,0,0,0,5,1,0,232,Northeast_Monsoon,84,24.4,76,0,Favorable,None,0,0,0,1,676
2023-12-28,2024-01-03,2023,12,2,4,Christmas_New_Year,6,1.6,0,0,0,0,0,0,0,1,0,0,1,2,1,1,225,Northeast_Monsoon,77,24.3,77,0,Favorable,None,0,0,0,1,1009
2024-01-04,2024-01-10,2024,1,3,1,Normal,0,1.1,0,0,0,0,0,0,0,0,0,0,0,21,1,0,218,Northeast_Monsoon,28,24.3,72,0,Favorable,None,0,0,0,1,982
2024-01-11,2024-01-17,2024,1,4,1,Normal,0,1.0,0,0,0,0,0,0,0,0,0,0,0,14,0,0,211,Northeast_Monsoon,36,24.0,71,0,Favorable,None,0,0,0,1,922
2024-01-18,2024-01-24,2024,1,5,1,Normal,0,1.0,0,0,0,0,0,0,0,0,0,0,0,7,0,0,204,Northeast_Monsoon,24,24.4,73,0,Favorable,None,0,0,0,1,870
2024-01-25,2024-01-31,2024,1,6,1,Monthly_Poya,2,1.15,0,0,0,0,0,0,0,0,0,0,1,0,0,1,197,Northeast_Monsoon,29,23.7,71,0,Favorable,None,0,0,0,1,995
2024-02-01,2024-02-07,2024,2,7,1,Normal,0,1.0,0,0,0,0,0,0,0,0,0,0,0,7,0,0,190,Dry_Hot,41,25.0,73,0,Favorable,None,0,0,0,1,823
2024-02-08,2024-02-14,2024,2,8,1,Normal,0,1.0,0,0,0,0,0,0,0,0,0,0,0,14,0,0,183,Dry_Hot,47,24.8,67,0,Favorable,None,0,0,0,1,886
2024-02-15,2024-02-21,2024,2,9,1,Normal,0,1.0,0,0,0,0,0,0,0,0,0,0,0,9,0,0,176,Dry_Hot,45,24.6,69,0,Favorable,None,0,0,0,1,906
2024-02-22,2024-02-28,2024,2,10,1,Monthly_Poya,2,1.15,0,0,0,0,0,0,0,0,0,0,1,2,0,1,169,Dry_Hot,44,24.9,70,0,Favorable,None,0,0,0,1,1028
2024-02-29,2024-03-06,2024,2,11,1,Normal,0,1.0,0,0,0,0,0,0,0,0,0,0,0,5,0,0,162,Dry_Hot,38,24.9,69,0,Favorable,None,0,0,0,1,823
2024-03-07,2024-03-13,2024,3,12,1,Normal,0,1.0,0,0,0,0,0,0,0,0,0,0,0,12,0,0,155,Dry_Hot,78,26.0,69,0,Favorable,None,0,0,0,1,825
2024-03-14,2024-03-20,2024,3,13,1,Normal,0,1.0,0,0,0,0,0,0,0,0,0,0,0,11,0,0,148,Dry_Hot,65,25.6,65,0,Favorable,None,0,0,0,1,847
2024-03-21,2024-03-27,2024,3,14,1,Normal,0,1.0,0,0,0,0,0,0,0,0,0,0,0,4,0,0,141,Dry_Hot,72,26.1,67,0,Favorable,None,0,0,0,1,859
2024-03-28,2024-04-03,2024,3,15,1,Monthly_Poya,2,1.15,0,0,0,0,0,0,0,0,0,0,1,3,0,1,134,Dry_Hot,68,26.1,68,0,Favorable,None,0,0,0,1,1031
2024-04-04,2024-04-10,2024,4,16,2,Normal,0,1.1,0,0,0,0,0,0,0,0,0,0,0,10,1,0,127,Transitional,93,25.5,74,0,Moderate,None,0,0,0,1,957
2024-04-11,2024-04-17,2024,4,17,2,Normal,0,1.1,0,0,0,0,0,0,0,0,0,0,0,12,1,0,120,Transitional,107,26.0,70,0,Moderate,None,0,0,0,1,938
2024-04-18,2024-04-24,2024,4,18,2,Normal,0,1.1,0,0,0,0,0,0,0,0,0,0,0,5,1,0,113,Transitional,108,25.6,73,0,Moderate,None,0,0,0,1,969
2024-04-25,2024-05-01,2024,4,19,2,Monthly_Poya,2,1.15,0,0,0,0,0,0,0,0,0,0,1,2,0,1,106,Transitional,104,26.5,74,0,Moderate,None,0,0,0,1,979
2024-05-02,2024-05-08,2024,5,20,2,Normal,0,1.0,0,0,0,0,0,0,0,0,0,0,0,9,0,0,99,Southwest_Monsoon,152,25.0,81,1,Unfavorable,None,0,0,0,1,906
2024-05-09,2024-05-15,2024,5,21,2,Normal,0,1.0,0,0,0,0,0,0,0,0,0,0,0,14,0,0,92,Southwest_Monsoon,151,25.0,77,1,Unfavorable,None,0,0,0,1,873
2024-05-16,2024-05-22,2024,5,22,2,Normal,0,1.0,0,0,0,0,0,0,0,0,0,0,0,7,0,0,85,Southwest_Monsoon,145,25.5,81,1,Unfavorable,None,0,0,0,1,856
2024-05-23,2024-05-29,2024,5,23,2,Vesak,6,1.6,0,0,0,0,0,1,0,0,0,0,1,0,0,1,78,Southwest_Monsoon,142,25.1,79,1,Unfavorable,None,0,0,0,1,1360
2024-05-30,2024-06-05,2024,5,24,2,Normal,0,1.0,0,0,0,0,0,0,0,0,0,0,0,7,0,0,71,Southwest_Monsoon,149,25.2,81,1,Unfavorable,None,0,0,0,1,919
2024-06-06,2024-06-12,2024,6,25,2,Normal,0,1.0,0,0,0,0,0,0,0,0,0,0,0,14,0,0,64,Southwest_Monsoon,168,24.1,85,1,Unfavorable,None,0,0,0,1,868
2024-06-13,2024-06-19,2024,6,26,2,Normal,0,1.0,0,0,0,0,0,0,0,0,0,0,0,8,0,0,57,Southwest_Monsoon,164,23.6,86,1,Unfavorable,None,0,0,0,1,899
2024-06-20,2024-06-26,2024,6,27,2,Poson_Perahera,7,2.0,0,0,0,0,1,0,0,0,0,0,1,1,0,1,50,Southwest_Monsoon,155,23.7,84,1,Unfavorable,None,0,0,0,1,1686
2024-06-27,2024-07-03,2024,6,28,2,Normal,0,1.0,0,0,0,0,0,0,0,0,0,0,0,6,0,0,43,Southwest_Monsoon,156,23.9,82,1,Unfavorable,None,0,0,0,1,851
2024-07-04,2024-07-10,2024,7,29,3,Normal,0,1.0,0,0,0,0,0,0,0,0,0,0,0,13,0,0,36,Southwest_Monsoon,147,23.4,85,1,Moderate,None,0,0,0,1,861
2024-07-11,2024-07-17,2024,7,30,3,Normal,0,1.0,0,0,0,0,0,0,0,0,0,0,0,10,0,0,29,Southwest_Monsoon,136,23.0,84,1,Moderate,None,0,0,0,1,894
2024-07-18,2024-07-24,2024,7,31,3,Monthly_Poya,2,1.15,0,0,0,0,0,0,0,0,0,0,1,3,0,1,22,Southwest_Monsoon,147,23.0,82,1,Moderate,None,0,0,0,1,979
2024-07-25,2024-07-31,2024,7,32,3,August_Buildup,3,1.2,0,0,0,1,0,0,0,0,0,0,0,4,0,1,15,Southwest_Monsoon,146,23.4,82,1,Moderate,None,0,0,0,1,1101
2024-08-01,2024-08-07,2024,8,33,3,Esala_Prep,6,1.7,0,1,0,0,0,0,0,0,0,0,0,11,1,1,8,Southwest_Monsoon,130,23.1,80,1,Moderate,None,0,0,0,1,1487
2024-08-08,2024-08-14,2024,8,34,3,Esala_Prep,6,1.7,0,1,0,0,0,0,0,0,0,0,0,11,1,1,1,Southwest_Monsoon,130,23.1,80,1,Moderate,None,0,0,0,1,1560
2024-08-15,2024-08-21,2024,8,35,3,Esala_Perahera,10,2.8,1,0,0,0,0,0,0,0,0,0,0,4,1,1,377,Southwest_Monsoon,131,23.3,84,1,Moderate,None,0,0,0,1,2565
2024-08-22,2024-08-28,2024,8,36,3,Esala_Post,4,1.3,0,0,1,0,0,0,0,0,0,0,1,3,0,1,370,Southwest_Monsoon,137,22.8,81,1,Moderate,None,0,0,0,1,1091
2024-08-29,2024-09-04,2024,8,37,3,Normal,0,1.0,0,0,0,0,0,0,0,0,0,0,0,10,0,0,363,Southwest_Monsoon,130,22.8,83,1,Moderate,None,0,0,0,1,876
2024-09-05,2024-09-11,2024,9,38,3,Normal,0,1.0,0,0,0,0,0,0,0,0,0,0,0,12,0,0,356,Southwest_Monsoon,124,24.4,81,1,Moderate,None,0,0,0,1,888
2024-09-12,2024-09-18,2024,9,39,3,Normal,0,1.0,0,0,0,0,0,0,0,0,0,0,0,5,0,0,349,Southwest_Monsoon,116,23.8,80,1,Moderate,None,0,0,0,1,903
2024-09-19,2024-09-25,2024,9,40,3,Monthly_Poya,2,1.15,0,0,0,0,0,0,0,0,0,0,1,2,0,1,342,Southwest_Monsoon,114,23.8,81,1,Moderate,None,0,0,0,1,1055
2024-09-26,2024-10-02,2024,9,41,3,Normal,0,1.0,0,0,0,0,0,0,0,0,0,0,0,9,0,0,335,Southwest_Monsoon,127,23.7,84,1,Moderate,None,0,0,0,1,886
2024-10-03,2024-10-09,2024,10,42,4,Normal,0,1.0,0,0,0,0,0,0,0,0,0,0,0,14,0,0,328,Inter_Monsoon,160,23.6,84,0,Moderate,None,0,0,0,1,874
2024-10-10,2024-10-16,2024,10,43,4,Normal,0,1.0,0,0,0,0,0,0,0,0,0,0,0,7,0,0,321,Inter_Monsoon,159,23.7,85,0,Moderate,None,0,0,0,1,895
2024-10-17,2024-10-23,2024,10,44,4,Monthly_Poya,2,1.15,0,0,0,0,0,0,0,0,0,0,1,0,0,1,314,Inter_Monsoon,159,24.1,80,0,Moderate,None,0,0,0,1,1049
2024-10-24,2024-10-30,2024,10,45,4,Normal,0,1.0,0,0,0,0,0,0,0,0,0,0,0,7,0,0,307,Inter_Monsoon,162,24.2,80,0,Moderate,None,0,0,0,1,828
2024-10-31,2024-11-06,2024,10,46,4,Deepavali,4,1.2,0,0,0,0,0,0,0,0,1,0,0,14,0,1,300,Inter_Monsoon,156,23.5,84,0,Moderate,None,0,0,0,1,1067
2024-11-07,2024-11-13,2024,11,47,4,Normal,0,1.0,0,0,0,0,0,0,0,0,0,0,0,8,0,0,293,Inter_Monsoon,127,23.9,82,0,Favorable,None,0,0,0,1,920
2024-11-14,2024-11-20,2024,11,48,4,Monthly_Poya,2,1.15,0,0,0,0,0,0,0,0,0,0,1,1,0,1,286,Inter_Monsoon,128,24.3,81,0,Favorable,None,0,0,0,1,998
2024-11-21,2024-11-27,2024,11,49,4,Normal,0,1.0,0,0,0,0,0,0,0,0,0,0,0,6,0,0,279,Inter_Monsoon,123,24.4,79,0,Favorable,None,0,0,0,1,851
2024-11-28,2024-12-04,2024,11,50,4,Normal,0,1.0,0,0,0,0,0,0,0,0,0,0,0,13,0,0,272,Inter_Monsoon,129,24.0,84,0,Favorable,None,0,0,0,1,886
2024-12-05,2024-12-11,2024,12,51,4,Normal,0,1.0,0,0,0,0,0,0,0,0,0,0,0,10,0,0,265,Northeast_Monsoon,73,24.4,74,0,Favorable,None,0,0,0,1,907
2024-12-12,2024-12-18,2024,12,52,4,Monthly_Poya,2,1.15,0,0,0,0,0,0,0,0,0,0,1,3,1,1,258,Northeast_Monsoon,77,24.4,73,0,Favorable,None,0,0,0,1,991
2024-12-19,2024-12-25,2024,12,1,4,Normal,0,1.1,0,0,0,0,0,0,0,0,0,0,0,4,1,0,251,Northeast_Monsoon,84,24.3,74,0,Favorable,None,0,0,0,1,1014
2024-12-26,2025-01-01,2024,12,2,4,Christmas_New_Year,6,1.6,0,0,0,0,0,0,0,1,0,0,0,11,1,1,244,Northeast_Monsoon,81,24.4,73,0,Favorable,None,0,0,0,1,1465
2025-01-02,2025-01-08,2025,1,3,1,Normal,0,1.1,0,0,0,0,0,0,0,0,0,0,0,11,1,0,237,Northeast_Monsoon,25,24.4,71,0,Favorable,None,0,0,0,1,1020
2025-01-09,2025-01-15,2025,1,4,1,Normal,0,1.1,0,0,0,0,0,0,0,0,0,0,0,4,1,0,230,Northeast_Monsoon,38,24.0,70,0,Favorable,None,0,0,0,1,1018
2025-01-16,2025-01-22,2025,1,5,1,Thai_Pongal,3,1.2,0,0,0,0,0,0,0,0,0,1,1,3,0,1,223,Northeast_Monsoon,36,23.8,75,0,Favorable,None,0,0,0,1,1188
2025-01-23,2025-01-29,2025,1,6,1,Normal,0,1.0,0,0,0,0,0,0,0,0,0,0,0,10,0,0,216,Northeast_Monsoon,27,24.2,74,0,Favorable,None,0,0,0,1,906
2025-01-30,2025-02-05,2025,1,7,1,Normal,0,1.0,0,0,0,0,0,0,0,0,0,0,0,13,0,0,209,Northeast_Monsoon,27,23.5,71,0,Favorable,None,0,0,0,1,922
2025-02-06,2025-02-12,2025,2,8,1,Normal,0,1.0,0,0,0,0,0,0,0,0,0,0,0,6,0,0,202,Dry_Hot,38,24.7,73,0,Favorable,None,0,0,0,1,983
2025-02-13,2025-02-19,2025,2,9,1,Monthly_Poya,2,1.15,0,0,0,0,0,0,0,0,0,0,1,1,0,1,195,Dry_Hot,44,25.3,71,0,Favorable,None,0,0,0,1,1111
2025-02-20,2025-02-26,2025,2,10,1,Normal,0,1.0,0,0,0,0,0,0,0,0,0,0,0,8,0,0,188,Dry_Hot,44,25.2,68,0,Favorable,None,0,0,0,1,930
2025-02-27,2025-03-05,2025,2,11,1,Normal,0,1.0,0,0,0,0,0,0,0,0,0,0,0,14,0,0,181,Dry_Hot,47,24.8,68,0,Favorable,None,0,0,0,1,1005
2025-03-06,2025-03-12,2025,3,12,1,Normal,0,1.0,0,0,0,0,0,0,0,0,0,0,0,7,0,0,174,Dry_Hot,74,25.7,71,0,Favorable,None,0,0,0,1,894
2025-03-13,2025-03-19,2025,3,13,1,Monthly_Poya,2,1.15,0,0,0,0,0,0,0,0,0,0,1,0,0,1,167,Dry_Hot,72,25.8,70,0,Favorable,None,0,0,0,1,1062
2025-03-20,2025-03-26,2025,3,14,1,Normal,0,1.0,0,0,0,0,0,0,0,0,0,0,0,7,0,0,160,Dry_Hot,70,26.2,70,0,Favorable,None,0,0,0,1,958
2025-03-27,2025-04-02,2025,3,15,1,Normal,0,1.0,0,0,0,0,0,0,0,0,0,0,0,14,0,0,153,Dry_Hot,65,26.0,66,0,Favorable,None,0,0,0,1,920
2025-04-03,2025-04-09,2025,4,16,2,Normal,0,1.1,0,0,0,0,0,0,0,0,0,0,0,9,1,0,146,Transitional,108,26.4,74,0,Moderate,None,0,0,0,1,1033
2025-04-10,2025-04-16,2025,4,17,2,Monthly_Poya,2,1.15,0,0,0,0,0,0,0,0,0,0,1,2,1,1,139,Transitional,95,26.1,71,0,Moderate,None,0,0,0,1,1128
2025-04-17,2025-04-23,2025,4,18,2,Normal,0,1.1,0,0,0,0,0,0,0,0,0,0,0,5,1,0,132,Transitional,99,25.7,70,0,Moderate,None,0,0,0,1,1028
2025-04-24,2025-04-30,2025,4,19,2,Normal,0,1.0,0,0,0,0,0,0,0,0,0,0,0,12,0,0,125,Transitional,106,26.2,73,0,Moderate,None,0,0,0,1,948
2025-05-01,2025-05-07,2025,5,20,2,Normal,0,1.0,0,0,0,0,0,0,0,0,0,0,0,11,0,0,118,Southwest_Monsoon,157,25.3,83,1,Unfavorable,None,0,0,0,1,936
2025-05-08,2025-05-14,2025,5,21,2,Normal,0,1.0,0,0,0,0,0,0,0,0,0,0,0,4,0,0,111,Southwest_Monsoon,148,25.3,82,1,Unfavorable,None,0,0,0,1,969
2025-05-15,2025-05-21,2025,5,22,2,Monthly_Poya,2,1.15,0,0,0,0,0,0,0,0,0,0,1,3,0,1,104,Southwest_Monsoon,144,25.0,81,1,Unfavorable,None,0,0,0,1,1126
2025-05-22,2025-05-28,2025,5,23,2,Normal,0,1.0,0,0,0,0,0,0,0,0,0,0,0,10,0,0,97,Southwest_Monsoon,144,25.4,77,1,Unfavorable,None,0,0,0,1,973
2025-05-29,2025-06-04,2025,5,24,2,Normal,0,1.0,0,0,0,0,0,0,0,0,0,0,0,13,0,0,90,Southwest_Monsoon,158,24.7,81,1,Unfavorable,None,0,0,0,1,900
2025-06-05,2025-06-11,2025,6,25,2,Normal,0,1.0,0,0,0,0,0,0,0,0,0,0,0,6,0,0,83,Southwest_Monsoon,162,24.4,84,1,Unfavorable,None,0,0,0,1,910
2025-06-12,2025-06-18,2025,6,26,2,Poson_Perahera,7,2.0,0,0,0,0,1,0,0,0,0,0,1,1,0,1,76,Southwest_Monsoon,158,24.2,84,1,Unfavorable,None,0,0,0,1,1813
2025-06-19,2025-06-25,2025,6,27,2,Normal,0,1.0,0,0,0,0,0,0,0,0,0,0,0,8,0,0,69,Southwest_Monsoon,168,23.9,81,1,Unfavorable,None,0,0,0,1,903
2025-06-26,2025-07-02,2025,6,28,2,Normal,0,1.0,0,0,0,0,0,0,0,0,0,0,0,14,0,0,62,Southwest_Monsoon,168,23.9,85,1,Unfavorable,None,0,0,0,1,945
2025-07-03,2025-07-09,2025,7,29,3,Normal,0,1.0,0,0,0,0,0,0,0,0,0,0,0,7,0,0,55,Southwest_Monsoon,146,23.2,82,1,Moderate,None,0,0,0,1,900
2025-07-10,2025-07-16,2025,7,30,3,Monthly_Poya,2,1.15,0,0,0,0,0,0,0,0,0,0,1,0,0,1,48,Southwest_Monsoon,144,22.8,80,1,Moderate,None,0,0,0,1,1122
2025-07-17,2025-07-23,2025,7,31,3,Normal,0,1.0,0,0,0,0,0,0,0,0,0,0,0,7,0,0,41,Southwest_Monsoon,134,22.5,82,1,Moderate,None,0,0,0,1,978
2025-07-24,2025-07-30,2025,7,32,3,Normal,0,1.0,0,0,0,0,0,0,0,0,0,0,0,14,0,0,34,Southwest_Monsoon,133,23.4,80,1,Moderate,None,0,0,0,1,973
2025-07-31,2025-08-06,2025,7,33,3,Normal,0,1.0,0,0,0,0,0,0,0,0,0,0,0,9,0,0,27,Southwest_Monsoon,147,22.5,83,1,Moderate,None,0,0,0,1,1005
2025-08-07,2025-08-13,2025,8,34,3,August_Buildup,3,1.2,0,0,0,1,0,0,0,0,0,0,1,2,1,1,20,Southwest_Monsoon,126,23.3,84,1,Moderate,None,0,0,0,1,1096
2025-08-14,2025-08-20,2025,8,35,3,Esala_Prep,6,1.7,0,1,0,0,0,0,0,0,0,0,0,5,1,1,13,Southwest_Monsoon,135,22.9,82,1,Moderate,None,0,0,0,1,1643
2025-08-21,2025-08-27,2025,8,36,3,Esala_Prep,6,1.7,0,1,0,0,0,0,0,0,0,0,0,12,1,1,6,Southwest_Monsoon,134,22.9,84,1,Moderate,None,0,0,0,1,1605
2025-08-28,2025-09-03,2025,8,37,3,Esala_Perahera,10,2.8,1,0,0,0,0,0,0,0,0,0,0,10,0,1,365,Southwest_Monsoon,126,23.2,81,1,Moderate,None,0,0,0,1,2808
2025-09-04,2025-09-10,2025,9,38,3,Esala_Perahera,10,2.8,1,0,0,0,0,0,0,0,0,0,1,3,0,1,365,Southwest_Monsoon,124,24.0,83,1,Moderate,None,0,0,0,1,2538
2025-09-11,2025-09-17,2025,9,39,3,Esala_Post,4,1.3,0,0,1,0,0,0,0,0,0,0,0,4,0,1,365,Southwest_Monsoon,112,24.3,80,1,Moderate,None,0,0,0,1,1306
2025-09-18,2025-09-24,2025,9,40,3,Normal,0,1.0,0,0,0,0,0,0,0,0,0,0,0,11,0,0,365,Southwest_Monsoon,125,24.0,84,1,Moderate,None,0,0,0,1,946
2025-09-25,2025-10-01,2025,9,41,3,Normal,0,1.0,0,0,0,0,0,0,0,0,0,0,0,11,0,0,365,Southwest_Monsoon,126,23.8,80,1,Moderate,None,0,0,0,1,919
2025-10-02,2025-10-08,2025,10,42,4,Normal,0,1.0,0,0,0,0,0,0,0,0,0,0,0,4,0,0,365,Inter_Monsoon,155,23.5,85,0,Moderate,None,0,0,0,1,914
2025-10-09,2025-10-15,2025,10,43,4,Monthly_Poya,2,1.15,0,0,0,0,0,0,0,0,0,0,1,3,0,1,365,Inter_Monsoon,152,23.7,80,0,Moderate,None,0,0,0,1,1082
2025-10-16,2025-10-22,2025,10,44,4,Normal,0,1.0,0,0,0,0,0,0,0,0,0,0,0,10,0,0,365,Inter_Monsoon,153,23.9,85,0,Moderate,None,0,0,0,1,905
2025-10-23,2025-10-29,2025,10,45,4,Deepavali,4,1.2,0,0,0,0,0,0,0,0,1,0,0,13,0,1,365,Inter_Monsoon,153,23.7,80,0,Moderate,None,0,0,0,1,1168
2025-10-30,2025-11-05,2025,10,46,4,Normal,0,1.0,0,0,0,0,0,0,0,0,0,0,0,6,0,0,365,Inter_Monsoon,159,24.0,86,0,Moderate,None,0,0,0,1,939
2025-11-06,2025-11-12,2025,11,47,4,Monthly_Poya,2,1.15,0,0,0,0,0,0,0,0,0,0,1,1,0,1,365,Inter_Monsoon,123,23.6,81,0,Favorable,None,0,0,0,1,1140
2025-11-13,2025-11-19,2025,11,48,4,Normal,0,1.0,0,0,0,0,0,0,0,0,0,0,0,8,0,0,365,Inter_Monsoon,132,24.1,85,0,Favorable,None,0,0,0,1,920
2025-11-20,2025-11-26,2025,11,49,4,Normal,0,1.0,0,0,0,0,0,0,0,0,0,0,0,14,0,0,365,Inter_Monsoon,132,23.7,80,0,Favorable,None,0,0,0,1,970
2025-11-27,2025-12-03,2025,11,50,4,Normal,0,1.0,0,0,0,0,0,0,0,0,0,0,0,7,0,0,365,Inter_Monsoon,138,23.7,81,0,Favorable,None,0,0,0,1,1005
2025-12-04,2025-12-10,2025,12,51,4,Monthly_Poya,2,1.15,0,0,0,0,0,0,0,0,0,0,1,0,0,1,365,Northeast_Monsoon,77,24.1,76,0,Favorable,None,0,0,0,1,1063
2025-12-11,2025-12-17,2025,12,52,4,Normal,0,1.1,0,0,0,0,0,0,0,0,0,0,0,7,1,0,365,Northeast_Monsoon,73,24.5,78,0,Favorable,None,0,0,0,1,1052
2025-12-18,2025-12-24,2025,12,1,4,Normal,0,1.1,0,0,0,0,0,0,0,0,0,0,0,14,1,0,365,Northeast_Monsoon,88,23.8,76,0,Favorable,None,0,0,0,1,1066
2025-12-25,2025-12-31,2025,12,2,4,Christmas_New_Year,6,1.6,0,0,0,0,0,0,0,1,0,0,0,21,1,1,365,Northeast_Monsoon,81,23.9,79,0,Favorable,None,0,0,0,1,1503
